year,parent,region,net_migration,region_full
2015,강원특별자치도,강릉시,-1378.0,강원특별자치도 강릉시
2015,강원특별자치도,고성군,-367.0,강원특별자치도 고성군
2015,강원특별자치도,동해시,-585.0,강원특별자치도 동해시
2015,강원특별자치도,삼척시,-1517.0,강원특별자치도 삼척시
2015,강원특별자치도,속초시,-296.0,강원특별자치도 속초시
2015,강원특별자치도,양구군,219.0,강원특별자치도 양구군
2015,강원특별자치도,양양군,-123.0,강원특별자치도 양양군
2015,강원특별자치도,영월군,-210.0,강원특별자치도 영월군
2015,강원특별자치도,원주시,776.0,강원특별자치도 원주시
2015,강원특별자치도,인제군,820.0,강원특별자치도 인제군
2015,강원특별자치도,정선군,-235.0,강원특별자치도 정선군
2015,강원특별자치도,철원군,1384.0,강원특별자치도 철원군
2015,강원특별자치도,춘천시,353.0,강원특별자치도 춘천시
2015,강원특별자치도,태백시,-440.0,강원특별자치도 태백시
2015,강원특별자치도,평창군,-167.0,강원특별자치도 평창군
2015,강원특별자치도,홍천군,-443.0,강원특별자치도 홍천군
2015,강원특별자치도,화천군,73.0,강원특별자치도 화천군
2015,강원특별자치도,횡성군,-157.0,강원특별자치도 횡성군
2015,경기도,가평군,-202.0,경기도 가평군
2015,경기도,고양시,4982.0,경기도 고양시
2015,경기도,과천시,-351.0,경기도 과천시
2015,경기도,광명시,-1374.0,경기도 광명시
2015,경기도,광주시,3758.0,경기도 광주시
2015,경기도,구리시,-242.0,경기도 구리시
2015,경기도,군포시,-98.0,경기도 군포시
2015,경기도,김포시,1872.0,경기도 김포시
2015,경기도,남양주시,3353.0,경기도 남양주시
2015,경기도,동두천시,-113.0,경기도 동두천시
2015,경기도,부천시,-2446.0,경기도 부천시
2015,경기도,성남시,-51.0,경기도 성남시
2015,경기도,수원시,3766.0,경기도 수원시
2015,경기도,시흥시,523.0,경기도 시흥시
2015,경기도,안산시,-3438.0,경기도 안산시
2015,경기도,안성시,-1026.0,경기도 안성시
2015,경기도,안양시,-1340.0,경기도 안양시
2015,경기도,양주시,337.0,경기도 양주시
2015,경기도,양평군,53.0,경기도 양평군
2015,경기도,여주시,-234.0,경기도 여주시
2015,경기도,연천군,398.0,경기도 연천군
2015,경기도,오산시,258.0,경기도 오산시
2015,경기도,용인시,2883.0,경기도 용인시
2015,경기도,의왕시,-489.0,경기도 의왕시
2015,경기도,의정부시,648.0,경기도 의정부시
2015,경기도,이천시,-915.0,경기도 이천시
2015,경기도,파주시,2995.0,경기도 파주시
2015,경기도,평택시,3533.0,경기도 평택시
2015,경기도,포천시,-329.0,경기도 포천시
2015,경기도,하남시,3734.0,경기도 하남시
2015,경기도,화성시,16717.0,경기도 화성시
2015,경상남도,거제시,3018.0,경상남도 거제시
2015,경상남도,거창군,-213.0,경상남도 거창군
2015,경상남도,고성군,-388.0,경상남도 고성군
2015,경상남도,김해시,-618.0,경상남도 김해시
2015,경상남도,남해군,-464.0,경상남도 남해군
2015,경상남도,밀양시,-518.0,경상남도 밀양시
2015,경상남도,사천시,-386.0,경상남도 사천시
2015,경상남도,산청군,-142.0,경상남도 산청군
2015,경상남도,양산시,1899.0,경상남도 양산시
2015,경상남도,의령군,-263.0,경상남도 의령군
2015,경상남도,진주시,98.0,경상남도 진주시
2015,경상남도,창녕군,-227.0,경상남도 창녕군
2015,경상남도,창원시,-3902.0,경상남도 창원시
2015,경상남도,통영시,-666.0,경상남도 통영시
2015,경상남도,하동군,146.0,경상남도 하동군
2015,경상남도,함안군,-214.0,경상남도 함안군
2015,경상남도,함양군,-238.0,경상남도 함양군
2015,경상남도,합천군,-577.0,경상남도 합천군
2015,경상북도,경산시,953.0,경상북도 경산시
2015,경상북도,경주시,-1415.0,경상북도 경주시
2015,경상북도,고령군,-335.0,경상북도 고령군
2015,경상북도,구미시,-952.0,경상북도 구미시
2015,경상북도,김천시,1055.0,경상북도 김천시
2015,경상북도,문경시,-491.0,경상북도 문경시
2015,경상북도,봉화군,-205.0,경상북도 봉화군
2015,경상북도,상주시,-749.0,경상북도 상주시
2015,경상북도,성주군,-217.0,경상북도 성주군
2015,경상북도,안동시,-569.0,경상북도 안동시
2015,경상북도,영덕군,-256.0,경상북도 영덕군
2015,경상북도,영양군,-127.0,경상북도 영양군
2015,경상북도,영주시,-761.0,경상북도 영주시
2015,경상북도,영천시,-435.0,경상북도 영천시
2015,경상북도,예천군,-227.0,경상북도 예천군
2015,경상북도,울릉군,-35.0,경상북도 울릉군
2015,경상북도,울진군,-104.0,경상북도 울진군
2015,경상북도,의성군,-418.0,경상북도 의성군
2015,경상북도,청도군,-304.0,경상북도 청도군
2015,경상북도,청송군,-6.0,경상북도 청송군
2015,경상북도,칠곡군,101.0,경상북도 칠곡군
2015,경상북도,포항시,-1526.0,경상북도 포항시
2015,광주광역시,광산구,687.0,광주광역시 광산구
2015,광주광역시,남  구,-1146.0,광주광역시 남  구
2015,광주광역시,동  구,-786.0,광주광역시 동  구
2015,광주광역시,북  구,-2260.0,광주광역시 북  구
2015,광주광역시,서  구,-2514.0,광주광역시 서  구
2015,대구광역시,군위군,-170.0,대구광역시 군위군
2015,대구광역시,남  구,-992.0,대구광역시 남  구
2015,대구광역시,달서구,-2792.0,대구광역시 달서구
2015,대구광역시,달성군,2092.0,대구광역시 달성군
2015,대구광역시,동  구,214.0,대구광역시 동  구
2015,대구광역시,북  구,-1036.0,대구광역시 북  구
2015,대구광역시,서  구,-1722.0,대구광역시 서  구
2015,대구광역시,수성구,-3955.0,대구광역시 수성구
2015,대구광역시,중  구,1075.0,대구광역시 중  구
2015,대전광역시,대덕구,-2021.0,대전광역시 대덕구
2015,대전광역시,동  구,-2339.0,대전광역시 동  구
2015,대전광역시,서  구,-2076.0,대전광역시 서  구
2015,대전광역시,유성구,3759.0,대전광역시 유성구
2015,대전광역시,중  구,-2055.0,대전광역시 중  구
2015,부산광역시,강서구,4617.0,부산광역시 강서구
2015,부산광역시,금정구,-1763.0,부산광역시 금정구
2015,부산광역시,기장군,2014.0,부산광역시 기장군
2015,부산광역시,남  구,-1936.0,부산광역시 남  구
2015,부산광역시,동  구,-601.0,부산광역시 동  구
2015,부산광역시,동래구,-1867.0,부산광역시 동래구
2015,부산광역시,부산진구,-979.0,부산광역시 부산진구
2015,부산광역시,북  구,116.0,부산광역시 북  구
2015,부산광역시,사상구,-1929.0,부산광역시 사상구
2015,부산광역시,사하구,-2594.0,부산광역시 사하구
2015,부산광역시,서  구,-657.0,부산광역시 서  구
2015,부산광역시,수영구,900.0,부산광역시 수영구
2015,부산광역시,연제구,-7.0,부산광역시 연제구
2015,부산광역시,영도구,-1051.0,부산광역시 영도구
2015,부산광역시,중  구,-165.0,부산광역시 중  구
2015,부산광역시,해운대구,-994.0,부산광역시 해운대구
2015,서울특별시,강남구,-2559.0,서울특별시 강남구
2015,서울특별시,강동구,-5470.0,서울특별시 강동구
2015,서울특별시,강북구,-921.0,서울특별시 강북구
2015,서울특별시,강서구,3489.0,서울특별시 강서구
2015,서울특별시,관악구,2763.0,서울특별시 관악구
2015,서울특별시,광진구,245.0,서울특별시 광진구
2015,서울특별시,구로구,206.0,서울특별시 구로구
2015,서울특별시,금천구,-303.0,서울특별시 금천구
2015,서울특별시,노원구,-3495.0,서울특별시 노원구
2015,서울특별시,도봉구,-1338.0,서울특별시 도봉구
2015,서울특별시,동대문구,73.0,서울특별시 동대문구
2015,서울특별시,동작구,-978.0,서울특별시 동작구
2015,서울특별시,마포구,3385.0,서울특별시 마포구
2015,서울특별시,서대문구,825.0,서울특별시 서대문구
2015,서울특별시,서초구,-745.0,서울특별시 서초구
2015,서울특별시,성동구,1519.0,서울특별시 성동구
2015,서울특별시,성북구,-1567.0,서울특별시 성북구
2015,서울특별시,송파구,-614.0,서울특별시 송파구
2015,서울특별시,양천구,-1786.0,서울특별시 양천구
2015,서울특별시,영등포구,1503.0,서울특별시 영등포구
2015,서울특별시,용산구,345.0,서울특별시 용산구
2015,서울특별시,은평구,672.0,서울특별시 은평구
2015,서울특별시,종로구,-210.0,서울특별시 종로구
2015,서울특별시,중구,111.0,서울특별시 중구
2015,서울특별시,중랑구,-1378.0,서울특별시 중랑구
2015,울산광역시,남구,-1999.0,울산광역시 남구
2015,울산광역시,동구,-692.0,울산광역시 동구
2015,울산광역시,북구,882.0,울산광역시 북구
2015,울산광역시,울주군,1198.0,울산광역시 울주군
2015,울산광역시,중구,998.0,울산광역시 중구
2015,인천광역시,강화군,-193.0,인천광역시 강화군
2015,인천광역시,계양구,-2153.0,인천광역시 계양구
2015,인천광역시,남  구,-1139.0,인천광역시 남  구
2015,인천광역시,남동구,3857.0,인천광역시 남동구
2015,인천광역시,동  구,-518.0,인천광역시 동  구
2015,인천광역시,미추홀구,0.0,인천광역시 미추홀구
2015,인천광역시,부평구,-51.0,인천광역시 부평구
2015,인천광역시,서구,1455.0,인천광역시 서구
2015,인천광역시,연수구,602.0,인천광역시 연수구
2015,인천광역시,옹진군,107.0,인천광역시 옹진군
2015,인천광역시,중  구,1070.0,인천광역시 중  구
2015,전라남도,강진군,-492.0,전라남도 강진군
2015,전라남도,고흥군,-504.0,전라남도 고흥군
2015,전라남도,곡성군,-253.0,전라남도 곡성군
2015,전라남도,광양시,37.0,전라남도 광양시
2015,전라남도,구례군,-94.0,전라남도 구례군
2015,전라남도,나주시,2185.0,전라남도 나주시
2015,전라남도,담양군,-189.0,전라남도 담양군
2015,전라남도,목포시,-1009.0,전라남도 목포시
2015,전라남도,무안군,59.0,전라남도 무안군
2015,전라남도,보성군,-282.0,전라남도 보성군
2015,전라남도,순천시,-907.0,전라남도 순천시
2015,전라남도,신안군,-215.0,전라남도 신안군
2015,전라남도,여수시,-908.0,전라남도 여수시
2015,전라남도,영광군,-365.0,전라남도 영광군
2015,전라남도,영암군,-440.0,전라남도 영암군
2015,전라남도,완도군,-143.0,전라남도 완도군
2015,전라남도,장성군,-49.0,전라남도 장성군
2015,전라남도,장흥군,45.0,전라남도 장흥군
2015,전라남도,진도군,-201.0,전라남도 진도군
2015,전라남도,함평군,-85.0,전라남도 함평군
2015,전라남도,해남군,-414.0,전라남도 해남군
2015,전라남도,화순군,-408.0,전라남도 화순군
2015,전북특별자치도,고창군,-246.0,전북특별자치도 고창군
2015,전북특별자치도,군산시,-595.0,전북특별자치도 군산시
2015,전북특별자치도,김제시,-716.0,전북특별자치도 김제시
2015,전북특별자치도,남원시,-655.0,전북특별자치도 남원시
2015,전북특별자치도,무주군,-147.0,전북특별자치도 무주군
2015,전북특별자치도,부안군,-371.0,전북특별자치도 부안군
2015,전북특별자치도,순창군,-150.0,전북특별자치도 순창군
2015,전북특별자치도,완주군,1367.0,전북특별자치도 완주군
2015,전북특별자치도,익산시,-1952.0,전북특별자치도 익산시
2015,전북특별자치도,임실군,-31.0,전북특별자치도 임실군
2015,전북특별자치도,장수군,-130.0,전북특별자치도 장수군
2015,전북특별자치도,전주시,-2086.0,전북특별자치도 전주시
2015,전북특별자치도,정읍시,-965.0,전북특별자치도 정읍시
2015,전북특별자치도,진안군,-181.0,전북특별자치도 진안군
2015,제주특별자치도,서귀포시,498.0,제주특별자치도 서귀포시
2015,제주특별자치도,제주시,1716.0,제주특별자치도 제주시
2015,충청남도,계룡시,33.0,충청남도 계룡시
2015,충청남도,공주시,-1042.0,충청남도 공주시
2015,충청남도,금산군,-320.0,충청남도 금산군
2015,충청남도,논산시,-548.0,충청남도 논산시
2015,충청남도,당진시,719.0,충청남도 당진시
2015,충청남도,보령시,-111.0,충청남도 보령시
2015,충청남도,부여군,-491.0,충청남도 부여군
2015,충청남도,서산시,720.0,충청남도 서산시
2015,충청남도,서천군,-473.0,충청남도 서천군
2015,충청남도,아산시,557.0,충청남도 아산시
2015,충청남도,예산군,-820.0,충청남도 예산군
2015,충청남도,천안시,2782.0,충청남도 천안시
2015,충청남도,청양군,-50.0,충청남도 청양군
2015,충청남도,태안군,88.0,충청남도 태안군
2015,충청남도,홍성군,162.0,충청남도 홍성군
2015,충청북도,괴산군,-97.0,충청북도 괴산군
2015,충청북도,단양군,-195.0,충청북도 단양군
2015,충청북도,보은군,-154.0,충청북도 보은군
2015,충청북도,영동군,-254.0,충청북도 영동군
2015,충청북도,옥천군,-251.0,충청북도 옥천군
2015,충청북도,음성군,431.0,충청북도 음성군
2015,충청북도,제천시,-712.0,충청북도 제천시
2015,충청북도,증평군,492.0,충청북도 증평군
2015,충청북도,진천군,493.0,충청북도 진천군
2015,충청북도,청주시,-78.0,충청북도 청주시
2015,충청북도,충주시,-1055.0,충청북도 충주시
2016,강원특별자치도,강릉시,-1174.0,강원특별자치도 강릉시
2016,강원특별자치도,고성군,-284.0,강원특별자치도 고성군
2016,강원특별자치도,동해시,-477.0,강원특별자치도 동해시
2016,강원특별자치도,삼척시,-984.0,강원특별자치도 삼척시
2016,강원특별자치도,속초시,-174.0,강원특별자치도 속초시
2016,강원특별자치도,양구군,-42.0,강원특별자치도 양구군
2016,강원특별자치도,양양군,-167.0,강원특별자치도 양양군
2016,강원특별자치도,영월군,-300.0,강원특별자치도 영월군
2016,강원특별자치도,원주시,884.0,강원특별자치도 원주시
2016,강원특별자치도,인제군,-306.0,강원특별자치도 인제군
2016,강원특별자치도,정선군,-304.0,강원특별자치도 정선군
2016,강원특별자치도,철원군,-461.0,강원특별자치도 철원군
2016,강원특별자치도,춘천시,356.0,강원특별자치도 춘천시
2016,강원특별자치도,태백시,-317.0,강원특별자치도 태백시
2016,강원특별자치도,평창군,-211.0,강원특별자치도 평창군
2016,강원특별자치도,홍천군,-448.0,강원특별자치도 홍천군
2016,강원특별자치도,화천군,-547.0,강원특별자치도 화천군
2016,강원특별자치도,횡성군,-240.0,강원특별자치도 횡성군
2016,경기도,가평군,-130.0,경기도 가평군
2016,경기도,고양시,2543.0,경기도 고양시
2016,경기도,과천시,-1638.0,경기도 과천시
2016,경기도,광명시,-1443.0,경기도 광명시
2016,경기도,광주시,4351.0,경기도 광주시
2016,경기도,구리시,1565.0,경기도 구리시
2016,경기도,군포시,-982.0,경기도 군포시
2016,경기도,김포시,2887.0,경기도 김포시
2016,경기도,남양주시,624.0,경기도 남양주시
2016,경기도,동두천시,-58.0,경기도 동두천시
2016,경기도,부천시,-162.0,경기도 부천시
2016,경기도,성남시,1423.0,경기도 성남시
2016,경기도,수원시,4325.0,경기도 수원시
2016,경기도,시흥시,590.0,경기도 시흥시
2016,경기도,안산시,-2772.0,경기도 안산시
2016,경기도,안성시,367.0,경기도 안성시
2016,경기도,안양시,-324.0,경기도 안양시
2016,경기도,양주시,-495.0,경기도 양주시
2016,경기도,양평군,124.0,경기도 양평군
2016,경기도,여주시,-222.0,경기도 여주시
2016,경기도,연천군,159.0,경기도 연천군
2016,경기도,오산시,1172.0,경기도 오산시
2016,경기도,용인시,5123.0,경기도 용인시
2016,경기도,의왕시,-193.0,경기도 의왕시
2016,경기도,의정부시,924.0,경기도 의정부시
2016,경기도,이천시,1188.0,경기도 이천시
2016,경기도,파주시,1723.0,경기도 파주시
2016,경기도,평택시,2907.0,경기도 평택시
2016,경기도,포천시,-692.0,경기도 포천시
2016,경기도,하남시,10322.0,경기도 하남시
2016,경기도,화성시,13941.0,경기도 화성시
2016,경상남도,거제시,-632.0,경상남도 거제시
2016,경상남도,거창군,-335.0,경상남도 거창군
2016,경상남도,고성군,-391.0,경상남도 고성군
2016,경상남도,김해시,-925.0,경상남도 김해시
2016,경상남도,남해군,-447.0,경상남도 남해군
2016,경상남도,밀양시,-358.0,경상남도 밀양시
2016,경상남도,사천시,-410.0,경상남도 사천시
2016,경상남도,산청군,-82.0,경상남도 산청군
2016,경상남도,양산시,3732.0,경상남도 양산시
2016,경상남도,의령군,-180.0,경상남도 의령군
2016,경상남도,진주시,-250.0,경상남도 진주시
2016,경상남도,창녕군,-162.0,경상남도 창녕군
2016,경상남도,창원시,-4483.0,경상남도 창원시
2016,경상남도,통영시,-719.0,경상남도 통영시
2016,경상남도,하동군,-301.0,경상남도 하동군
2016,경상남도,함안군,-397.0,경상남도 함안군
2016,경상남도,함양군,-194.0,경상남도 함양군
2016,경상남도,합천군,-518.0,경상남도 합천군
2016,경상북도,경산시,168.0,경상북도 경산시
2016,경상북도,경주시,-1212.0,경상북도 경주시
2016,경상북도,고령군,-169.0,경상북도 고령군
2016,경상북도,구미시,-1721.0,경상북도 구미시
2016,경상북도,김천시,-28.0,경상북도 김천시
2016,경상북도,문경시,-823.0,경상북도 문경시
2016,경상북도,봉화군,-145.0,경상북도 봉화군
2016,경상북도,상주시,-502.0,경상북도 상주시
2016,경상북도,성주군,-179.0,경상북도 성주군
2016,경상북도,안동시,-656.0,경상북도 안동시
2016,경상북도,영덕군,-103.0,경상북도 영덕군
2016,경상북도,영양군,-124.0,경상북도 영양군
2016,경상북도,영주시,-712.0,경상북도 영주시
2016,경상북도,영천시,-314.0,경상북도 영천시
2016,경상북도,예천군,26.0,경상북도 예천군
2016,경상북도,울릉군,-32.0,경상북도 울릉군
2016,경상북도,울진군,48.0,경상북도 울진군
2016,경상북도,의성군,-322.0,경상북도 의성군
2016,경상북도,청도군,-259.0,경상북도 청도군
2016,경상북도,청송군,-78.0,경상북도 청송군
2016,경상북도,칠곡군,137.0,경상북도 칠곡군
2016,경상북도,포항시,-2661.0,경상북도 포항시
2016,광주광역시,광산구,702.0,광주광역시 광산구
2016,광주광역시,남  구,-1544.0,광주광역시 남  구
2016,광주광역시,동  구,-826.0,광주광역시 동  구
2016,광주광역시,북  구,-3322.0,광주광역시 북  구
2016,광주광역시,서  구,538.0,광주광역시 서  구
2016,대구광역시,군위군,-106.0,대구광역시 군위군
2016,대구광역시,남  구,-1167.0,대구광역시 남  구
2016,대구광역시,달서구,-4980.0,대구광역시 달서구
2016,대구광역시,달성군,7261.0,대구광역시 달성군
2016,대구광역시,동  구,609.0,대구광역시 동  구
2016,대구광역시,북  구,-1325.0,대구광역시 북  구
2016,대구광역시,서  구,-2510.0,대구광역시 서  구
2016,대구광역시,수성구,-3538.0,대구광역시 수성구
2016,대구광역시,중  구,99.0,대구광역시 중  구
2016,대전광역시,대덕구,-1872.0,대전광역시 대덕구
2016,대전광역시,동  구,-1347.0,대전광역시 동  구
2016,대전광역시,서  구,-580.0,대전광역시 서  구
2016,대전광역시,유성구,3687.0,대전광역시 유성구
2016,대전광역시,중  구,-1504.0,대전광역시 중  구
2016,부산광역시,강서구,4112.0,부산광역시 강서구
2016,부산광역시,금정구,-1030.0,부산광역시 금정구
2016,부산광역시,기장군,1489.0,부산광역시 기장군
2016,부산광역시,남  구,-1756.0,부산광역시 남  구
2016,부산광역시,동  구,-755.0,부산광역시 동  구
2016,부산광역시,동래구,-1135.0,부산광역시 동래구
2016,부산광역시,부산진구,-850.0,부산광역시 부산진구
2016,부산광역시,북  구,-935.0,부산광역시 북  구
2016,부산광역시,사상구,-1739.0,부산광역시 사상구
2016,부산광역시,사하구,-1508.0,부산광역시 사하구
2016,부산광역시,서  구,-778.0,부산광역시 서  구
2016,부산광역시,수영구,225.0,부산광역시 수영구
2016,부산광역시,연제구,-643.0,부산광역시 연제구
2016,부산광역시,영도구,-1108.0,부산광역시 영도구
2016,부산광역시,중  구,-45.0,부산광역시 중  구
2016,부산광역시,해운대구,-1894.0,부산광역시 해운대구
2016,서울특별시,강남구,-3754.0,서울특별시 강남구
2016,서울특별시,강동구,-3426.0,서울특별시 강동구
2016,서울특별시,강북구,-677.0,서울특별시 강북구
2016,서울특별시,강서구,4787.0,서울특별시 강서구
2016,서울특별시,관악구,4518.0,서울특별시 관악구
2016,서울특별시,광진구,689.0,서울특별시 광진구
2016,서울특별시,구로구,99.0,서울특별시 구로구
2016,서울특별시,금천구,339.0,서울특별시 금천구
2016,서울특별시,노원구,-2391.0,서울특별시 노원구
2016,서울특별시,도봉구,-1360.0,서울특별시 도봉구
2016,서울특별시,동대문구,-401.0,서울특별시 동대문구
2016,서울특별시,동작구,2082.0,서울특별시 동작구
2016,서울특별시,마포구,357.0,서울특별시 마포구
2016,서울특별시,서대문구,1172.0,서울특별시 서대문구
2016,서울특별시,서초구,85.0,서울특별시 서초구
2016,서울특별시,성동구,2151.0,서울특별시 성동구
2016,서울특별시,성북구,-1718.0,서울특별시 성북구
2016,서울특별시,송파구,860.0,서울특별시 송파구
2016,서울특별시,양천구,-3471.0,서울특별시 양천구
2016,서울특별시,영등포구,690.0,서울특별시 영등포구
2016,서울특별시,용산구,691.0,서울특별시 용산구
2016,서울특별시,은평구,-1206.0,서울특별시 은평구
2016,서울특별시,종로구,-395.0,서울특별시 종로구
2016,서울특별시,중구,698.0,서울특별시 중구
2016,서울특별시,중랑구,131.0,서울특별시 중랑구
2016,울산광역시,남구,-1282.0,울산광역시 남구
2016,울산광역시,동구,-746.0,울산광역시 동구
2016,울산광역시,북구,941.0,울산광역시 북구
2016,울산광역시,울주군,-720.0,울산광역시 울주군
2016,울산광역시,중구,-1258.0,울산광역시 중구
2016,인천광역시,강화군,-211.0,인천광역시 강화군
2016,인천광역시,계양구,-1863.0,인천광역시 계양구
2016,인천광역시,남  구,3583.0,인천광역시 남  구
2016,인천광역시,남동구,-484.0,인천광역시 남동구
2016,인천광역시,동  구,-364.0,인천광역시 동  구
2016,인천광역시,미추홀구,0.0,인천광역시 미추홀구
2016,인천광역시,부평구,-1454.0,인천광역시 부평구
2016,인천광역시,서구,1486.0,인천광역시 서구
2016,인천광역시,연수구,1836.0,인천광역시 연수구
2016,인천광역시,옹진군,132.0,인천광역시 옹진군
2016,인천광역시,중  구,667.0,인천광역시 중  구
2016,전라남도,강진군,-448.0,전라남도 강진군
2016,전라남도,고흥군,-532.0,전라남도 고흥군
2016,전라남도,곡성군,-314.0,전라남도 곡성군
2016,전라남도,광양시,184.0,전라남도 광양시
2016,전라남도,구례군,-66.0,전라남도 구례군
2016,전라남도,나주시,1489.0,전라남도 나주시
2016,전라남도,담양군,-57.0,전라남도 담양군
2016,전라남도,목포시,-1140.0,전라남도 목포시
2016,전라남도,무안군,-236.0,전라남도 무안군
2016,전라남도,보성군,-407.0,전라남도 보성군
2016,전라남도,순천시,-1312.0,전라남도 순천시
2016,전라남도,신안군,-268.0,전라남도 신안군
2016,전라남도,여수시,-1454.0,전라남도 여수시
2016,전라남도,영광군,-347.0,전라남도 영광군
2016,전라남도,영암군,-396.0,전라남도 영암군
2016,전라남도,완도군,-290.0,전라남도 완도군
2016,전라남도,장성군,-144.0,전라남도 장성군
2016,전라남도,장흥군,-1264.0,전라남도 장흥군
2016,전라남도,진도군,-161.0,전라남도 진도군
2016,전라남도,함평군,-238.0,전라남도 함평군
2016,전라남도,해남군,-519.0,전라남도 해남군
2016,전라남도,화순군,-293.0,전라남도 화순군
2016,전북특별자치도,고창군,-127.0,전북특별자치도 고창군
2016,전북특별자치도,군산시,-1004.0,전북특별자치도 군산시
2016,전북특별자치도,김제시,-599.0,전북특별자치도 김제시
2016,전북특별자치도,남원시,-569.0,전북특별자치도 남원시
2016,전북특별자치도,무주군,-205.0,전북특별자치도 무주군
2016,전북특별자치도,부안군,-153.0,전북특별자치도 부안군
2016,전북특별자치도,순창군,-261.0,전북특별자치도 순창군
2016,전북특별자치도,완주군,-214.0,전북특별자치도 완주군
2016,전북특별자치도,익산시,-1646.0,전북특별자치도 익산시
2016,전북특별자치도,임실군,-81.0,전북특별자치도 임실군
2016,전북특별자치도,장수군,42.0,전북특별자치도 장수군
2016,전북특별자치도,전주시,-2324.0,전북특별자치도 전주시
2016,전북특별자치도,정읍시,-608.0,전북특별자치도 정읍시
2016,전북특별자치도,진안군,-108.0,전북특별자치도 진안군
2016,제주특별자치도,서귀포시,866.0,제주특별자치도 서귀포시
2016,제주특별자치도,제주시,1641.0,제주특별자치도 제주시
2016,충청남도,계룡시,-50.0,충청남도 계룡시
2016,충청남도,공주시,-782.0,충청남도 공주시
2016,충청남도,금산군,-388.0,충청남도 금산군
2016,충청남도,논산시,-882.0,충청남도 논산시
2016,충청남도,당진시,422.0,충청남도 당진시
2016,충청남도,보령시,-639.0,충청남도 보령시
2016,충청남도,부여군,-582.0,충청남도 부여군
2016,충청남도,서산시,-41.0,충청남도 서산시
2016,충청남도,서천군,-418.0,충청남도 서천군
2016,충청남도,아산시,685.0,충청남도 아산시
2016,충청남도,예산군,-978.0,충청남도 예산군
2016,충청남도,천안시,3907.0,충청남도 천안시
2016,충청남도,청양군,76.0,충청남도 청양군
2016,충청남도,태안군,-190.0,충청남도 태안군
2016,충청남도,홍성군,1125.0,충청남도 홍성군
2016,충청북도,괴산군,-146.0,충청북도 괴산군
2016,충청북도,단양군,-231.0,충청북도 단양군
2016,충청북도,보은군,-197.0,충청북도 보은군
2016,충청북도,영동군,-510.0,충청북도 영동군
2016,충청북도,옥천군,-405.0,충청북도 옥천군
2016,충청북도,음성군,200.0,충청북도 음성군
2016,충청북도,제천시,-333.0,충청북도 제천시
2016,충청북도,증평군,84.0,충청북도 증평군
2016,충청북도,진천군,216.0,충청북도 진천군
2016,충청북도,청주시,57.0,충청북도 청주시
2016,충청북도,충주시,-728.0,충청북도 충주시
2017,강원특별자치도,강릉시,-653.0,강원특별자치도 강릉시
2017,강원특별자치도,고성군,-217.0,강원특별자치도 고성군
2017,강원특별자치도,동해시,-222.0,강원특별자치도 동해시
2017,강원특별자치도,삼척시,-917.0,강원특별자치도 삼척시
2017,강원특별자치도,속초시,-65.0,강원특별자치도 속초시
2017,강원특별자치도,양구군,-181.0,강원특별자치도 양구군
2017,강원특별자치도,양양군,-151.0,강원특별자치도 양양군
2017,강원특별자치도,영월군,-296.0,강원특별자치도 영월군
2017,강원특별자치도,원주시,632.0,강원특별자치도 원주시
2017,강원특별자치도,인제군,-18.0,강원특별자치도 인제군
2017,강원특별자치도,정선군,-281.0,강원특별자치도 정선군
2017,강원특별자치도,철원군,-362.0,강원특별자치도 철원군
2017,강원특별자치도,춘천시,-214.0,강원특별자치도 춘천시
2017,강원특별자치도,태백시,-524.0,강원특별자치도 태백시
2017,강원특별자치도,평창군,-253.0,강원특별자치도 평창군
2017,강원특별자치도,홍천군,-234.0,강원특별자치도 홍천군
2017,강원특별자치도,화천군,-222.0,강원특별자치도 화천군
2017,강원특별자치도,횡성군,-353.0,강원특별자치도 횡성군
2017,경기도,가평군,-43.0,경기도 가평군
2017,경기도,고양시,-590.0,경기도 고양시
2017,경기도,과천시,-1804.0,경기도 과천시
2017,경기도,광명시,-1262.0,경기도 광명시
2017,경기도,광주시,4659.0,경기도 광주시
2017,경기도,구리시,1299.0,경기도 구리시
2017,경기도,군포시,-999.0,경기도 군포시
2017,경기도,김포시,6887.0,경기도 김포시
2017,경기도,남양주시,-681.0,경기도 남양주시
2017,경기도,동두천시,-532.0,경기도 동두천시
2017,경기도,부천시,-1007.0,경기도 부천시
2017,경기도,성남시,-1260.0,경기도 성남시
2017,경기도,수원시,4543.0,경기도 수원시
2017,경기도,시흥시,4136.0,경기도 시흥시
2017,경기도,안산시,-4071.0,경기도 안산시
2017,경기도,안성시,-438.0,경기도 안성시
2017,경기도,안양시,-3060.0,경기도 안양시
2017,경기도,양주시,1266.0,경기도 양주시
2017,경기도,양평군,203.0,경기도 양평군
2017,경기도,여주시,-373.0,경기도 여주시
2017,경기도,연천군,-251.0,경기도 연천군
2017,경기도,오산시,1792.0,경기도 오산시
2017,경기도,용인시,1695.0,경기도 용인시
2017,경기도,의왕시,-526.0,경기도 의왕시
2017,경기도,의정부시,485.0,경기도 의정부시
2017,경기도,이천시,524.0,경기도 이천시
2017,경기도,파주시,2598.0,경기도 파주시
2017,경기도,평택시,3469.0,경기도 평택시
2017,경기도,포천시,-973.0,경기도 포천시
2017,경기도,하남시,4786.0,경기도 하남시
2017,경기도,화성시,17061.0,경기도 화성시
2017,경상남도,거제시,-2309.0,경상남도 거제시
2017,경상남도,거창군,-461.0,경상남도 거창군
2017,경상남도,고성군,-434.0,경상남도 고성군
2017,경상남도,김해시,-290.0,경상남도 김해시
2017,경상남도,남해군,-230.0,경상남도 남해군
2017,경상남도,밀양시,-703.0,경상남도 밀양시
2017,경상남도,사천시,-360.0,경상남도 사천시
2017,경상남도,산청군,-14.0,경상남도 산청군
2017,경상남도,양산시,4946.0,경상남도 양산시
2017,경상남도,의령군,-120.0,경상남도 의령군
2017,경상남도,진주시,-838.0,경상남도 진주시
2017,경상남도,창녕군,-264.0,경상남도 창녕군
2017,경상남도,창원시,-5138.0,경상남도 창원시
2017,경상남도,통영시,-1184.0,경상남도 통영시
2017,경상남도,하동군,-375.0,경상남도 하동군
2017,경상남도,함안군,-460.0,경상남도 함안군
2017,경상남도,함양군,-173.0,경상남도 함양군
2017,경상남도,합천군,-397.0,경상남도 합천군
2017,경상북도,경산시,249.0,경상북도 경산시
2017,경상북도,경주시,-1443.0,경상북도 경주시
2017,경상북도,고령군,-180.0,경상북도 고령군
2017,경상북도,구미시,-233.0,경상북도 구미시
2017,경상북도,김천시,-160.0,경상북도 김천시
2017,경상북도,문경시,-693.0,경상북도 문경시
2017,경상북도,봉화군,-201.0,경상북도 봉화군
2017,경상북도,상주시,-586.0,경상북도 상주시
2017,경상북도,성주군,-171.0,경상북도 성주군
2017,경상북도,안동시,-974.0,경상북도 안동시
2017,경상북도,영덕군,-199.0,경상북도 영덕군
2017,경상북도,영양군,-115.0,경상북도 영양군
2017,경상북도,영주시,-704.0,경상북도 영주시
2017,경상북도,영천시,-126.0,경상북도 영천시
2017,경상북도,예천군,408.0,경상북도 예천군
2017,경상북도,울릉군,-65.0,경상북도 울릉군
2017,경상북도,울진군,-280.0,경상북도 울진군
2017,경상북도,의성군,-301.0,경상북도 의성군
2017,경상북도,청도군,-198.0,경상북도 청도군
2017,경상북도,청송군,-150.0,경상북도 청송군
2017,경상북도,칠곡군,-1414.0,경상북도 칠곡군
2017,경상북도,포항시,-2564.0,경상북도 포항시
2017,광주광역시,광산구,-44.0,광주광역시 광산구
2017,광주광역시,남  구,-1416.0,광주광역시 남  구
2017,광주광역시,동  구,-68.0,광주광역시 동  구
2017,광주광역시,북  구,-2256.0,광주광역시 북  구
2017,광주광역시,서  구,-1310.0,광주광역시 서  구
2017,대구광역시,군위군,-87.0,대구광역시 군위군
2017,대구광역시,남  구,-837.0,대구광역시 남  구
2017,대구광역시,달서구,-5696.0,대구광역시 달서구
2017,대구광역시,달성군,7304.0,대구광역시 달성군
2017,대구광역시,동  구,-47.0,대구광역시 동  구
2017,대구광역시,북  구,61.0,대구광역시 북  구
2017,대구광역시,서  구,-2512.0,대구광역시 서  구
2017,대구광역시,수성구,-4370.0,대구광역시 수성구
2017,대구광역시,중  구,191.0,대구광역시 중  구
2017,대전광역시,대덕구,-2107.0,대전광역시 대덕구
2017,대전광역시,동  구,-1613.0,대전광역시 동  구
2017,대전광역시,서  구,-938.0,대전광역시 서  구
2017,대전광역시,유성구,2492.0,대전광역시 유성구
2017,대전광역시,중  구,-1160.0,대전광역시 중  구
2017,부산광역시,강서구,2759.0,부산광역시 강서구
2017,부산광역시,금정구,-771.0,부산광역시 금정구
2017,부산광역시,기장군,735.0,부산광역시 기장군
2017,부산광역시,남  구,-1665.0,부산광역시 남  구
2017,부산광역시,동  구,-86.0,부산광역시 동  구
2017,부산광역시,동래구,-1511.0,부산광역시 동래구
2017,부산광역시,부산진구,40.0,부산광역시 부산진구
2017,부산광역시,북  구,-2927.0,부산광역시 북  구
2017,부산광역시,사상구,-1149.0,부산광역시 사상구
2017,부산광역시,사하구,-731.0,부산광역시 사하구
2017,부산광역시,서  구,-637.0,부산광역시 서  구
2017,부산광역시,수영구,658.0,부산광역시 수영구
2017,부산광역시,연제구,361.0,부산광역시 연제구
2017,부산광역시,영도구,-1100.0,부산광역시 영도구
2017,부산광역시,중  구,-120.0,부산광역시 중  구
2017,부산광역시,해운대구,-3133.0,부산광역시 해운대구
2017,서울특별시,강남구,-3582.0,서울특별시 강남구
2017,서울특별시,강동구,-1967.0,서울특별시 강동구
2017,서울특별시,강북구,352.0,서울특별시 강북구
2017,서울특별시,강서구,6490.0,서울특별시 강서구
2017,서울특별시,관악구,5269.0,서울특별시 관악구
2017,서울특별시,광진구,2555.0,서울특별시 광진구
2017,서울특별시,구로구,-698.0,서울특별시 구로구
2017,서울특별시,금천구,1164.0,서울특별시 금천구
2017,서울특별시,노원구,-4439.0,서울특별시 노원구
2017,서울특별시,도봉구,-1202.0,서울특별시 도봉구
2017,서울특별시,동대문구,57.0,서울특별시 동대문구
2017,서울특별시,동작구,830.0,서울특별시 동작구
2017,서울특별시,마포구,1817.0,서울특별시 마포구
2017,서울특별시,서대문구,598.0,서울특별시 서대문구
2017,서울특별시,서초구,-861.0,서울특별시 서초구
2017,서울특별시,성동구,3975.0,서울특별시 성동구
2017,서울특별시,성북구,-1008.0,서울특별시 성북구
2017,서울특별시,송파구,4526.0,서울특별시 송파구
2017,서울특별시,양천구,-3294.0,서울특별시 양천구
2017,서울특별시,영등포구,2761.0,서울특별시 영등포구
2017,서울특별시,용산구,2107.0,서울특별시 용산구
2017,서울특별시,은평구,56.0,서울특별시 은평구
2017,서울특별시,종로구,954.0,서울특별시 종로구
2017,서울특별시,중구,956.0,서울특별시 중구
2017,서울특별시,중랑구,338.0,서울특별시 중랑구
2017,울산광역시,남구,-2416.0,울산광역시 남구
2017,울산광역시,동구,-2350.0,울산광역시 동구
2017,울산광역시,북구,1198.0,울산광역시 북구
2017,울산광역시,울주군,-146.0,울산광역시 울주군
2017,울산광역시,중구,-1914.0,울산광역시 중구
2017,인천광역시,강화군,-84.0,인천광역시 강화군
2017,인천광역시,계양구,-2400.0,인천광역시 계양구
2017,인천광역시,남  구,1462.0,인천광역시 남  구
2017,인천광역시,남동구,1349.0,인천광역시 남동구
2017,인천광역시,동  구,-442.0,인천광역시 동  구
2017,인천광역시,미추홀구,0.0,인천광역시 미추홀구
2017,인천광역시,부평구,-2473.0,인천광역시 부평구
2017,인천광역시,서구,1370.0,인천광역시 서구
2017,인천광역시,연수구,563.0,인천광역시 연수구
2017,인천광역시,옹진군,107.0,인천광역시 옹진군
2017,인천광역시,중  구,1806.0,인천광역시 중  구
2017,전라남도,강진군,-330.0,전라남도 강진군
2017,전라남도,고흥군,-406.0,전라남도 고흥군
2017,전라남도,곡성군,-244.0,전라남도 곡성군
2017,전라남도,광양시,-300.0,전라남도 광양시
2017,전라남도,구례군,-94.0,전라남도 구례군
2017,전라남도,나주시,1710.0,전라남도 나주시
2017,전라남도,담양군,-172.0,전라남도 담양군
2017,전라남도,목포시,-1577.0,전라남도 목포시
2017,전라남도,무안군,29.0,전라남도 무안군
2017,전라남도,보성군,-345.0,전라남도 보성군
2017,전라남도,순천시,-951.0,전라남도 순천시
2017,전라남도,신안군,-342.0,전라남도 신안군
2017,전라남도,여수시,-1823.0,전라남도 여수시
2017,전라남도,영광군,-343.0,전라남도 영광군
2017,전라남도,영암군,-575.0,전라남도 영암군
2017,전라남도,완도군,-260.0,전라남도 완도군
2017,전라남도,장성군,-75.0,전라남도 장성군
2017,전라남도,장흥군,-235.0,전라남도 장흥군
2017,전라남도,진도군,-159.0,전라남도 진도군
2017,전라남도,함평군,-107.0,전라남도 함평군
2017,전라남도,해남군,-662.0,전라남도 해남군
2017,전라남도,화순군,-334.0,전라남도 화순군
2017,전북특별자치도,고창군,-299.0,전북특별자치도 고창군
2017,전북특별자치도,군산시,-1659.0,전북특별자치도 군산시
2017,전북특별자치도,김제시,-505.0,전북특별자치도 김제시
2017,전북특별자치도,남원시,-543.0,전북특별자치도 남원시
2017,전북특별자치도,무주군,-118.0,전북특별자치도 무주군
2017,전북특별자치도,부안군,-448.0,전북특별자치도 부안군
2017,전북특별자치도,순창군,-182.0,전북특별자치도 순창군
2017,전북특별자치도,완주군,-281.0,전북특별자치도 완주군
2017,전북특별자치도,익산시,-162.0,전북특별자치도 익산시
2017,전북특별자치도,임실군,-173.0,전북특별자치도 임실군
2017,전북특별자치도,장수군,-298.0,전북특별자치도 장수군
2017,전북특별자치도,전주시,-2726.0,전북특별자치도 전주시
2017,전북특별자치도,정읍시,-854.0,전북특별자치도 정읍시
2017,전북특별자치도,진안군,-93.0,전북특별자치도 진안군
2017,제주특별자치도,서귀포시,1383.0,제주특별자치도 서귀포시
2017,제주특별자치도,제주시,1247.0,제주특별자치도 제주시
2017,충청남도,계룡시,-7.0,충청남도 계룡시
2017,충청남도,공주시,-805.0,충청남도 공주시
2017,충청남도,금산군,-484.0,충청남도 금산군
2017,충청남도,논산시,-899.0,충청남도 논산시
2017,충청남도,당진시,175.0,충청남도 당진시
2017,충청남도,보령시,-490.0,충청남도 보령시
2017,충청남도,부여군,-616.0,충청남도 부여군
2017,충청남도,서산시,42.0,충청남도 서산시
2017,충청남도,서천군,-481.0,충청남도 서천군
2017,충청남도,아산시,2474.0,충청남도 아산시
2017,충청남도,예산군,-619.0,충청남도 예산군
2017,충청남도,천안시,4458.0,충청남도 천안시
2017,충청남도,청양군,5.0,충청남도 청양군
2017,충청남도,태안군,-204.0,충청남도 태안군
2017,충청남도,홍성군,104.0,충청남도 홍성군
2017,충청북도,괴산군,190.0,충청북도 괴산군
2017,충청북도,단양군,-151.0,충청북도 단양군
2017,충청북도,보은군,-167.0,충청북도 보은군
2017,충청북도,영동군,-393.0,충청북도 영동군
2017,충청북도,옥천군,-408.0,충청북도 옥천군
2017,충청북도,음성군,-471.0,충청북도 음성군
2017,충청북도,제천시,-811.0,충청북도 제천시
2017,충청북도,증평군,189.0,충청북도 증평군
2017,충청북도,진천군,1031.0,충청북도 진천군
2017,충청북도,청주시,-449.0,충청북도 청주시
2017,충청북도,충주시,-795.0,충청북도 충주시
2018,강원특별자치도,강릉시,-1063.0,강원특별자치도 강릉시
2018,강원특별자치도,고성군,-895.0,강원특별자치도 고성군
2018,강원특별자치도,동해시,-905.0,강원특별자치도 동해시
2018,강원특별자치도,삼척시,-692.0,강원특별자치도 삼척시
2018,강원특별자치도,속초시,-430.0,강원특별자치도 속초시
2018,강원특별자치도,양구군,-259.0,강원특별자치도 양구군
2018,강원특별자치도,양양군,-134.0,강원특별자치도 양양군
2018,강원특별자치도,영월군,-349.0,강원특별자치도 영월군
2018,강원특별자치도,원주시,53.0,강원특별자치도 원주시
2018,강원특별자치도,인제군,-207.0,강원특별자치도 인제군
2018,강원특별자치도,정선군,-232.0,강원특별자치도 정선군
2018,강원특별자치도,철원군,-408.0,강원특별자치도 철원군
2018,강원특별자치도,춘천시,-434.0,강원특별자치도 춘천시
2018,강원특별자치도,태백시,-456.0,강원특별자치도 태백시
2018,강원특별자치도,평창군,-349.0,강원특별자치도 평창군
2018,강원특별자치도,홍천군,-480.0,강원특별자치도 홍천군
2018,강원특별자치도,화천군,-624.0,강원특별자치도 화천군
2018,강원특별자치도,횡성군,-169.0,강원특별자치도 횡성군
2018,경기도,가평군,-289.0,경기도 가평군
2018,경기도,고양시,-1389.0,경기도 고양시
2018,경기도,과천시,161.0,경기도 과천시
2018,경기도,광명시,-1053.0,경기도 광명시
2018,경기도,광주시,4118.0,경기도 광주시
2018,경기도,구리시,692.0,경기도 구리시
2018,경기도,군포시,-875.0,경기도 군포시
2018,경기도,김포시,8498.0,경기도 김포시
2018,경기도,남양주시,992.0,경기도 남양주시
2018,경기도,동두천시,-392.0,경기도 동두천시
2018,경기도,부천시,-2900.0,경기도 부천시
2018,경기도,성남시,-2247.0,경기도 성남시
2018,경기도,수원시,1652.0,경기도 수원시
2018,경기도,시흥시,7058.0,경기도 시흥시
2018,경기도,안산시,-5318.0,경기도 안산시
2018,경기도,안성시,36.0,경기도 안성시
2018,경기도,안양시,-3174.0,경기도 안양시
2018,경기도,양주시,926.0,경기도 양주시
2018,경기도,양평군,-577.0,경기도 양평군
2018,경기도,여주시,-443.0,경기도 여주시
2018,경기도,연천군,-361.0,경기도 연천군
2018,경기도,오산시,2767.0,경기도 오산시
2018,경기도,용인시,6912.0,경기도 용인시
2018,경기도,의왕시,-640.0,경기도 의왕시
2018,경기도,의정부시,1462.0,경기도 의정부시
2018,경기도,이천시,268.0,경기도 이천시
2018,경기도,파주시,3289.0,경기도 파주시
2018,경기도,평택시,4347.0,경기도 평택시
2018,경기도,포천시,-1049.0,경기도 포천시
2018,경기도,하남시,5450.0,경기도 하남시
2018,경기도,화성시,21099.0,경기도 화성시
2018,경상남도,거제시,-2256.0,경상남도 거제시
2018,경상남도,거창군,-404.0,경상남도 거창군
2018,경상남도,고성군,-494.0,경상남도 고성군
2018,경상남도,김해시,-751.0,경상남도 김해시
2018,경상남도,남해군,-380.0,경상남도 남해군
2018,경상남도,밀양시,-792.0,경상남도 밀양시
2018,경상남도,사천시,-242.0,경상남도 사천시
2018,경상남도,산청군,-251.0,경상남도 산청군
2018,경상남도,양산시,2254.0,경상남도 양산시
2018,경상남도,의령군,-84.0,경상남도 의령군
2018,경상남도,진주시,-1084.0,경상남도 진주시
2018,경상남도,창녕군,-438.0,경상남도 창녕군
2018,경상남도,창원시,-4047.0,경상남도 창원시
2018,경상남도,통영시,-947.0,경상남도 통영시
2018,경상남도,하동군,-690.0,경상남도 하동군
2018,경상남도,함안군,-588.0,경상남도 함안군
2018,경상남도,함양군,-168.0,경상남도 함양군
2018,경상남도,합천군,-401.0,경상남도 합천군
2018,경상북도,경산시,251.0,경상북도 경산시
2018,경상북도,경주시,-1127.0,경상북도 경주시
2018,경상북도,고령군,-275.0,경상북도 고령군
2018,경상북도,구미시,-1102.0,경상북도 구미시
2018,경상북도,김천시,-1079.0,경상북도 김천시
2018,경상북도,문경시,-760.0,경상북도 문경시
2018,경상북도,봉화군,-213.0,경상북도 봉화군
2018,경상북도,상주시,-499.0,경상북도 상주시
2018,경상북도,성주군,-296.0,경상북도 성주군
2018,경상북도,안동시,-1292.0,경상북도 안동시
2018,경상북도,영덕군,-124.0,경상북도 영덕군
2018,경상북도,영양군,-37.0,경상북도 영양군
2018,경상북도,영주시,-872.0,경상북도 영주시
2018,경상북도,영천시,204.0,경상북도 영천시
2018,경상북도,예천군,666.0,경상북도 예천군
2018,경상북도,울릉군,-48.0,경상북도 울릉군
2018,경상북도,울진군,-329.0,경상북도 울진군
2018,경상북도,의성군,-244.0,경상북도 의성군
2018,경상북도,청도군,-282.0,경상북도 청도군
2018,경상북도,청송군,-177.0,경상북도 청송군
2018,경상북도,칠곡군,-1366.0,경상북도 칠곡군
2018,경상북도,포항시,-2771.0,경상북도 포항시
2018,광주광역시,광산구,-294.0,광주광역시 광산구
2018,광주광역시,남  구,-1298.0,광주광역시 남  구
2018,광주광역시,동  구,-204.0,광주광역시 동  구
2018,광주광역시,북  구,-723.0,광주광역시 북  구
2018,광주광역시,서  구,-1401.0,광주광역시 서  구
2018,대구광역시,군위군,-113.0,대구광역시 군위군
2018,대구광역시,남  구,-379.0,대구광역시 남  구
2018,대구광역시,달서구,-3071.0,대구광역시 달서구
2018,대구광역시,달성군,2010.0,대구광역시 달성군
2018,대구광역시,동  구,1133.0,대구광역시 동  구
2018,대구광역시,북  구,-1123.0,대구광역시 북  구
2018,대구광역시,서  구,-2226.0,대구광역시 서  구
2018,대구광역시,수성구,-4227.0,대구광역시 수성구
2018,대구광역시,중  구,1078.0,대구광역시 중  구
2018,대전광역시,대덕구,-1962.0,대전광역시 대덕구
2018,대전광역시,동  구,-690.0,대전광역시 동  구
2018,대전광역시,서  구,-904.0,대전광역시 서  구
2018,대전광역시,유성구,1562.0,대전광역시 유성구
2018,대전광역시,중  구,-1419.0,대전광역시 중  구
2018,부산광역시,강서구,1726.0,부산광역시 강서구
2018,부산광역시,금정구,-1083.0,부산광역시 금정구
2018,부산광역시,기장군,653.0,부산광역시 기장군
2018,부산광역시,남  구,592.0,부산광역시 남  구
2018,부산광역시,동  구,-237.0,부산광역시 동  구
2018,부산광역시,동래구,-1350.0,부산광역시 동래구
2018,부산광역시,부산진구,-1801.0,부산광역시 부산진구
2018,부산광역시,북  구,-2766.0,부산광역시 북  구
2018,부산광역시,사상구,-1936.0,부산광역시 사상구
2018,부산광역시,사하구,-1726.0,부산광역시 사하구
2018,부산광역시,서  구,-2.0,부산광역시 서  구
2018,부산광역시,수영구,-165.0,부산광역시 수영구
2018,부산광역시,연제구,318.0,부산광역시 연제구
2018,부산광역시,영도구,-1202.0,부산광역시 영도구
2018,부산광역시,중  구,-256.0,부산광역시 중  구
2018,부산광역시,해운대구,-1488.0,부산광역시 해운대구
2018,서울특별시,강남구,-4495.0,서울특별시 강남구
2018,서울특별시,강동구,-1472.0,서울특별시 강동구
2018,서울특별시,강북구,-420.0,서울특별시 강북구
2018,서울특별시,강서구,2954.0,서울특별시 강서구
2018,서울특별시,관악구,8239.0,서울특별시 관악구
2018,서울특별시,광진구,1854.0,서울특별시 광진구
2018,서울특별시,구로구,571.0,서울특별시 구로구
2018,서울특별시,금천구,1429.0,서울특별시 금천구
2018,서울특별시,노원구,-3163.0,서울특별시 노원구
2018,서울특별시,도봉구,-1414.0,서울특별시 도봉구
2018,서울특별시,동대문구,1045.0,서울특별시 동대문구
2018,서울특별시,동작구,3085.0,서울특별시 동작구
2018,서울특별시,마포구,3877.0,서울특별시 마포구
2018,서울특별시,서대문구,722.0,서울특별시 서대문구
2018,서울특별시,서초구,-1129.0,서울특별시 서초구
2018,서울특별시,성동구,3514.0,서울특별시 성동구
2018,서울특별시,성북구,-557.0,서울특별시 성북구
2018,서울특별시,송파구,4305.0,서울특별시 송파구
2018,서울특별시,양천구,-3196.0,서울특별시 양천구
2018,서울특별시,영등포구,4481.0,서울특별시 영등포구
2018,서울특별시,용산구,2294.0,서울특별시 용산구
2018,서울특별시,은평구,999.0,서울특별시 은평구
2018,서울특별시,종로구,-52.0,서울특별시 종로구
2018,서울특별시,중구,1322.0,서울특별시 중구
2018,서울특별시,중랑구,148.0,서울특별시 중랑구
2018,울산광역시,남구,-1947.0,울산광역시 남구
2018,울산광역시,동구,-2419.0,울산광역시 동구
2018,울산광역시,북구,1289.0,울산광역시 북구
2018,울산광역시,울주군,-321.0,울산광역시 울주군
2018,울산광역시,중구,-3066.0,울산광역시 중구
2018,인천광역시,강화군,-381.0,인천광역시 강화군
2018,인천광역시,계양구,-3813.0,인천광역시 계양구
2018,인천광역시,남  구,552.0,인천광역시 남  구
2018,인천광역시,남동구,315.0,인천광역시 남동구
2018,인천광역시,동  구,-732.0,인천광역시 동  구
2018,인천광역시,미추홀구,-278.0,인천광역시 미추홀구
2018,인천광역시,부평구,-4512.0,인천광역시 부평구
2018,인천광역시,서구,6579.0,인천광역시 서구
2018,인천광역시,연수구,1491.0,인천광역시 연수구
2018,인천광역시,옹진군,-116.0,인천광역시 옹진군
2018,인천광역시,중  구,2630.0,인천광역시 중  구
2018,전라남도,강진군,-331.0,전라남도 강진군
2018,전라남도,고흥군,-472.0,전라남도 고흥군
2018,전라남도,곡성군,-330.0,전라남도 곡성군
2018,전라남도,광양시,-284.0,전라남도 광양시
2018,전라남도,구례군,-190.0,전라남도 구례군
2018,전라남도,나주시,911.0,전라남도 나주시
2018,전라남도,담양군,-210.0,전라남도 담양군
2018,전라남도,목포시,-1351.0,전라남도 목포시
2018,전라남도,무안군,-368.0,전라남도 무안군
2018,전라남도,보성군,-311.0,전라남도 보성군
2018,전라남도,순천시,-1126.0,전라남도 순천시
2018,전라남도,신안군,-328.0,전라남도 신안군
2018,전라남도,여수시,-1667.0,전라남도 여수시
2018,전라남도,영광군,-275.0,전라남도 영광군
2018,전라남도,영암군,-416.0,전라남도 영암군
2018,전라남도,완도군,-338.0,전라남도 완도군
2018,전라남도,장성군,-174.0,전라남도 장성군
2018,전라남도,장흥군,-393.0,전라남도 장흥군
2018,전라남도,진도군,-216.0,전라남도 진도군
2018,전라남도,함평군,-411.0,전라남도 함평군
2018,전라남도,해남군,-662.0,전라남도 해남군
2018,전라남도,화순군,-427.0,전라남도 화순군
2018,전북특별자치도,고창군,-1408.0,전북특별자치도 고창군
2018,전북특별자치도,군산시,-1508.0,전북특별자치도 군산시
2018,전북특별자치도,김제시,-625.0,전북특별자치도 김제시
2018,전북특별자치도,남원시,-592.0,전북특별자치도 남원시
2018,전북특별자치도,무주군,-129.0,전북특별자치도 무주군
2018,전북특별자치도,부안군,-711.0,전북특별자치도 부안군
2018,전북특별자치도,순창군,-242.0,전북특별자치도 순창군
2018,전북특별자치도,완주군,-655.0,전북특별자치도 완주군
2018,전북특별자치도,익산시,-3329.0,전북특별자치도 익산시
2018,전북특별자치도,임실군,-34.0,전북특별자치도 임실군
2018,전북특별자치도,장수군,41.0,전북특별자치도 장수군
2018,전북특별자치도,전주시,-1362.0,전북특별자치도 전주시
2018,전북특별자치도,정읍시,-960.0,전북특별자치도 정읍시
2018,전북특별자치도,진안군,-180.0,전북특별자치도 진안군
2018,제주특별자치도,서귀포시,107.0,제주특별자치도 서귀포시
2018,제주특별자치도,제주시,1274.0,제주특별자치도 제주시
2018,충청남도,계룡시,-440.0,충청남도 계룡시
2018,충청남도,공주시,-662.0,충청남도 공주시
2018,충청남도,금산군,-438.0,충청남도 금산군
2018,충청남도,논산시,-981.0,충청남도 논산시
2018,충청남도,당진시,-171.0,충청남도 당진시
2018,충청남도,보령시,-622.0,충청남도 보령시
2018,충청남도,부여군,-639.0,충청남도 부여군
2018,충청남도,서산시,459.0,충청남도 서산시
2018,충청남도,서천군,-538.0,충청남도 서천군
2018,충청남도,아산시,598.0,충청남도 아산시
2018,충청남도,예산군,-346.0,충청남도 예산군
2018,충청남도,천안시,4573.0,충청남도 천안시
2018,충청남도,청양군,-308.0,충청남도 청양군
2018,충청남도,태안군,-601.0,충청남도 태안군
2018,충청남도,홍성군,-480.0,충청남도 홍성군
2018,충청북도,괴산군,-192.0,충청북도 괴산군
2018,충청북도,단양군,-90.0,충청북도 단양군
2018,충청북도,보은군,-287.0,충청북도 보은군
2018,충청북도,영동군,-387.0,충청북도 영동군
2018,충청북도,옥천군,-309.0,충청북도 옥천군
2018,충청북도,음성군,-410.0,충청북도 음성군
2018,충청북도,제천시,-1241.0,충청북도 제천시
2018,충청북도,증평군,-188.0,충청북도 증평군
2018,충청북도,진천군,1088.0,충청북도 진천군
2018,충청북도,청주시,505.0,충청북도 청주시
2018,충청북도,충주시,125.0,충청북도 충주시
2019,강원특별자치도,강릉시,-349.0,강원특별자치도 강릉시
2019,강원특별자치도,고성군,-600.0,강원특별자치도 고성군
2019,강원특별자치도,동해시,-624.0,강원특별자치도 동해시
2019,강원특별자치도,삼척시,-980.0,강원특별자치도 삼척시
2019,강원특별자치도,속초시,-97.0,강원특별자치도 속초시
2019,강원특별자치도,양구군,-368.0,강원특별자치도 양구군
2019,강원특별자치도,양양군,-60.0,강원특별자치도 양양군
2019,강원특별자치도,영월군,-515.0,강원특별자치도 영월군
2019,강원특별자치도,원주시,778.0,강원특별자치도 원주시
2019,강원특별자치도,인제군,-122.0,강원특별자치도 인제군
2019,강원특별자치도,정선군,-220.0,강원특별자치도 정선군
2019,강원특별자치도,철원군,-541.0,강원특별자치도 철원군
2019,강원특별자치도,춘천시,88.0,강원특별자치도 춘천시
2019,강원특별자치도,태백시,-485.0,강원특별자치도 태백시
2019,강원특별자치도,평창군,-348.0,강원특별자치도 평창군
2019,강원특별자치도,홍천군,-499.0,강원특별자치도 홍천군
2019,강원특별자치도,화천군,-127.0,강원특별자치도 화천군
2019,강원특별자치도,횡성군,-390.0,강원특별자치도 횡성군
2019,경기도,가평군,-422.0,경기도 가평군
2019,경기도,고양시,4972.0,경기도 고양시
2019,경기도,과천시,133.0,경기도 과천시
2019,경기도,광명시,-2147.0,경기도 광명시
2019,경기도,광주시,1831.0,경기도 광주시
2019,경기도,구리시,-1174.0,경기도 구리시
2019,경기도,군포시,104.0,경기도 군포시
2019,경기도,김포시,4233.0,경기도 김포시
2019,경기도,남양주시,3330.0,경기도 남양주시
2019,경기도,동두천시,-470.0,경기도 동두천시
2019,경기도,부천시,-3665.0,경기도 부천시
2019,경기도,성남시,-1519.0,경기도 성남시
2019,경기도,수원시,-499.0,경기도 수원시
2019,경기도,시흥시,6264.0,경기도 시흥시
2019,경기도,안산시,-3062.0,경기도 안산시
2019,경기도,안성시,-577.0,경기도 안성시
2019,경기도,안양시,-2846.0,경기도 안양시
2019,경기도,양주시,1120.0,경기도 양주시
2019,경기도,양평군,-637.0,경기도 양평군
2019,경기도,여주시,-491.0,경기도 여주시
2019,경기도,연천군,-221.0,경기도 연천군
2019,경기도,오산시,2823.0,경기도 오산시
2019,경기도,용인시,6797.0,경기도 용인시
2019,경기도,의왕시,1827.0,경기도 의왕시
2019,경기도,의정부시,1091.0,경기도 의정부시
2019,경기도,이천시,387.0,경기도 이천시
2019,경기도,파주시,424.0,경기도 파주시
2019,경기도,평택시,5365.0,경기도 평택시
2019,경기도,포천시,-1052.0,경기도 포천시
2019,경기도,하남시,6082.0,경기도 하남시
2019,경기도,화성시,17775.0,경기도 화성시
2019,경상남도,거제시,-1624.0,경상남도 거제시
2019,경상남도,거창군,-328.0,경상남도 거창군
2019,경상남도,고성군,-493.0,경상남도 고성군
2019,경상남도,김해시,795.0,경상남도 김해시
2019,경상남도,남해군,-305.0,경상남도 남해군
2019,경상남도,밀양시,-809.0,경상남도 밀양시
2019,경상남도,사천시,-676.0,경상남도 사천시
2019,경상남도,산청군,-358.0,경상남도 산청군
2019,경상남도,양산시,-260.0,경상남도 양산시
2019,경상남도,의령군,-202.0,경상남도 의령군
2019,경상남도,진주시,-429.0,경상남도 진주시
2019,경상남도,창녕군,-500.0,경상남도 창녕군
2019,경상남도,창원시,-6114.0,경상남도 창원시
2019,경상남도,통영시,-1092.0,경상남도 통영시
2019,경상남도,하동군,-494.0,경상남도 하동군
2019,경상남도,함안군,-649.0,경상남도 함안군
2019,경상남도,함양군,-259.0,경상남도 함양군
2019,경상남도,합천군,-259.0,경상남도 합천군
2019,경상북도,경산시,371.0,경상북도 경산시
2019,경상북도,경주시,-1592.0,경상북도 경주시
2019,경상북도,고령군,-248.0,경상북도 고령군
2019,경상북도,구미시,-1870.0,경상북도 구미시
2019,경상북도,김천시,-412.0,경상북도 김천시
2019,경상북도,문경시,-163.0,경상북도 문경시
2019,경상북도,봉화군,-283.0,경상북도 봉화군
2019,경상북도,상주시,-299.0,경상북도 상주시
2019,경상북도,성주군,-358.0,경상북도 성주군
2019,경상북도,안동시,-993.0,경상북도 안동시
2019,경상북도,영덕군,-355.0,경상북도 영덕군
2019,경상북도,영양군,-131.0,경상북도 영양군
2019,경상북도,영주시,-782.0,경상북도 영주시
2019,경상북도,영천시,193.0,경상북도 영천시
2019,경상북도,예천군,301.0,경상북도 예천군
2019,경상북도,울릉군,-80.0,경상북도 울릉군
2019,경상북도,울진군,-209.0,경상북도 울진군
2019,경상북도,의성군,-186.0,경상북도 의성군
2019,경상북도,청도군,-247.0,경상북도 청도군
2019,경상북도,청송군,-137.0,경상북도 청송군
2019,경상북도,칠곡군,-1381.0,경상북도 칠곡군
2019,경상북도,포항시,-2672.0,경상북도 포항시
2019,광주광역시,광산구,-244.0,광주광역시 광산구
2019,광주광역시,남  구,-482.0,광주광역시 남  구
2019,광주광역시,동  구,1353.0,광주광역시 동  구
2019,광주광역시,북  구,-2464.0,광주광역시 북  구
2019,광주광역시,서  구,-1199.0,광주광역시 서  구
2019,대구광역시,군위군,-111.0,대구광역시 군위군
2019,대구광역시,남  구,-241.0,대구광역시 남  구
2019,대구광역시,달서구,-3383.0,대구광역시 달서구
2019,대구광역시,달성군,1413.0,대구광역시 달성군
2019,대구광역시,동  구,-1233.0,대구광역시 동  구
2019,대구광역시,북  구,-1391.0,대구광역시 북  구
2019,대구광역시,서  구,-2846.0,대구광역시 서  구
2019,대구광역시,수성구,-3951.0,대구광역시 수성구
2019,대구광역시,중  구,54.0,대구광역시 중  구
2019,대전광역시,대덕구,-2032.0,대전광역시 대덕구
2019,대전광역시,동  구,-806.0,대전광역시 동  구
2019,대전광역시,서  구,-943.0,대전광역시 서  구
2019,대전광역시,유성구,1085.0,대전광역시 유성구
2019,대전광역시,중  구,-1496.0,대전광역시 중  구
2019,부산광역시,강서구,1990.0,부산광역시 강서구
2019,부산광역시,금정구,-1557.0,부산광역시 금정구
2019,부산광역시,기장군,89.0,부산광역시 기장군
2019,부산광역시,남  구,-1180.0,부산광역시 남  구
2019,부산광역시,동  구,535.0,부산광역시 동  구
2019,부산광역시,동래구,294.0,부산광역시 동래구
2019,부산광역시,부산진구,230.0,부산광역시 부산진구
2019,부산광역시,북  구,-2747.0,부산광역시 북  구
2019,부산광역시,사상구,-1784.0,부산광역시 사상구
2019,부산광역시,사하구,-2372.0,부산광역시 사하구
2019,부산광역시,서  구,-550.0,부산광역시 서  구
2019,부산광역시,수영구,369.0,부산광역시 수영구
2019,부산광역시,연제구,370.0,부산광역시 연제구
2019,부산광역시,영도구,-1190.0,부산광역시 영도구
2019,부산광역시,중  구,-43.0,부산광역시 중  구
2019,부산광역시,해운대구,-1874.0,부산광역시 해운대구
2019,서울특별시,강남구,456.0,서울특별시 강남구
2019,서울특별시,강동구,3219.0,서울특별시 강동구
2019,서울특별시,강북구,-528.0,서울특별시 강북구
2019,서울특별시,강서구,3495.0,서울특별시 강서구
2019,서울특별시,관악구,6805.0,서울특별시 관악구
2019,서울특별시,광진구,1743.0,서울특별시 광진구
2019,서울특별시,구로구,3011.0,서울특별시 구로구
2019,서울특별시,금천구,1948.0,서울특별시 금천구
2019,서울특별시,노원구,-4178.0,서울특별시 노원구
2019,서울특별시,도봉구,-1621.0,서울특별시 도봉구
2019,서울특별시,동대문구,1861.0,서울특별시 동대문구
2019,서울특별시,동작구,3252.0,서울특별시 동작구
2019,서울특별시,마포구,3625.0,서울특별시 마포구
2019,서울특별시,서대문구,1365.0,서울특별시 서대문구
2019,서울특별시,서초구,253.0,서울특별시 서초구
2019,서울특별시,성동구,130.0,서울특별시 성동구
2019,서울특별시,성북구,4024.0,서울특별시 성북구
2019,서울특별시,송파구,5377.0,서울특별시 송파구
2019,서울특별시,양천구,-2732.0,서울특별시 양천구
2019,서울특별시,영등포구,4627.0,서울특별시 영등포구
2019,서울특별시,용산구,1917.0,서울특별시 용산구
2019,서울특별시,은평구,1513.0,서울특별시 은평구
2019,서울특별시,종로구,-194.0,서울특별시 종로구
2019,서울특별시,중구,1226.0,서울특별시 중구
2019,서울특별시,중랑구,-382.0,서울특별시 중랑구
2019,울산광역시,남구,-2800.0,울산광역시 남구
2019,울산광역시,동구,-2118.0,울산광역시 동구
2019,울산광역시,북구,2686.0,울산광역시 북구
2019,울산광역시,울주군,-399.0,울산광역시 울주군
2019,울산광역시,중구,-2966.0,울산광역시 중구
2019,인천광역시,강화군,-226.0,인천광역시 강화군
2019,인천광역시,계양구,-3460.0,인천광역시 계양구
2019,인천광역시,남  구,0.0,인천광역시 남  구
2019,인천광역시,남동구,-1522.0,인천광역시 남동구
2019,인천광역시,동  구,-454.0,인천광역시 동  구
2019,인천광역시,미추홀구,-1327.0,인천광역시 미추홀구
2019,인천광역시,부평구,-3767.0,인천광역시 부평구
2019,인천광역시,서구,1583.0,인천광역시 서구
2019,인천광역시,연수구,5168.0,인천광역시 연수구
2019,인천광역시,옹진군,-118.0,인천광역시 옹진군
2019,인천광역시,중  구,4796.0,인천광역시 중  구
2019,전라남도,강진군,-390.0,전라남도 강진군
2019,전라남도,고흥군,-528.0,전라남도 고흥군
2019,전라남도,곡성군,-432.0,전라남도 곡성군
2019,전라남도,광양시,-492.0,전라남도 광양시
2019,전라남도,구례군,-235.0,전라남도 구례군
2019,전라남도,나주시,190.0,전라남도 나주시
2019,전라남도,담양군,85.0,전라남도 담양군
2019,전라남도,목포시,-1650.0,전라남도 목포시
2019,전라남도,무안군,-310.0,전라남도 무안군
2019,전라남도,보성군,-531.0,전라남도 보성군
2019,전라남도,순천시,-1114.0,전라남도 순천시
2019,전라남도,신안군,-443.0,전라남도 신안군
2019,전라남도,여수시,-836.0,전라남도 여수시
2019,전라남도,영광군,-163.0,전라남도 영광군
2019,전라남도,영암군,-205.0,전라남도 영암군
2019,전라남도,완도군,-426.0,전라남도 완도군
2019,전라남도,장성군,200.0,전라남도 장성군
2019,전라남도,장흥군,-399.0,전라남도 장흥군
2019,전라남도,진도군,-260.0,전라남도 진도군
2019,전라남도,함평군,-294.0,전라남도 함평군
2019,전라남도,해남군,-661.0,전라남도 해남군
2019,전라남도,화순군,-693.0,전라남도 화순군
2019,전북특별자치도,고창군,-770.0,전북특별자치도 고창군
2019,전북특별자치도,군산시,-1370.0,전북특별자치도 군산시
2019,전북특별자치도,김제시,-664.0,전북특별자치도 김제시
2019,전북특별자치도,남원시,-785.0,전북특별자치도 남원시
2019,전북특별자치도,무주군,-145.0,전북특별자치도 무주군
2019,전북특별자치도,부안군,-571.0,전북특별자치도 부안군
2019,전북특별자치도,순창군,-317.0,전북특별자치도 순창군
2019,전북특별자치도,완주군,-843.0,전북특별자치도 완주군
2019,전북특별자치도,익산시,-3226.0,전북특별자치도 익산시
2019,전북특별자치도,임실군,-439.0,전북특별자치도 임실군
2019,전북특별자치도,장수군,-337.0,전북특별자치도 장수군
2019,전북특별자치도,전주시,-942.0,전북특별자치도 전주시
2019,전북특별자치도,정읍시,-1018.0,전북특별자치도 정읍시
2019,전북특별자치도,진안군,-104.0,전북특별자치도 진안군
2019,제주특별자치도,서귀포시,-945.0,제주특별자치도 서귀포시
2019,제주특별자치도,제주시,389.0,제주특별자치도 제주시
2019,충청남도,계룡시,-445.0,충청남도 계룡시
2019,충청남도,공주시,-760.0,충청남도 공주시
2019,충청남도,금산군,-468.0,충청남도 금산군
2019,충청남도,논산시,-763.0,충청남도 논산시
2019,충청남도,당진시,-541.0,충청남도 당진시
2019,충청남도,보령시,-594.0,충청남도 보령시
2019,충청남도,부여군,-787.0,충청남도 부여군
2019,충청남도,서산시,-233.0,충청남도 서산시
2019,충청남도,서천군,-426.0,충청남도 서천군
2019,충청남도,아산시,345.0,충청남도 아산시
2019,충청남도,예산군,-602.0,충청남도 예산군
2019,충청남도,천안시,2550.0,충청남도 천안시
2019,충청남도,청양군,-407.0,충청남도 청양군
2019,충청남도,태안군,-396.0,충청남도 태안군
2019,충청남도,홍성군,-527.0,충청남도 홍성군
2019,충청북도,괴산군,-118.0,충청북도 괴산군
2019,충청북도,단양군,-290.0,충청북도 단양군
2019,충청북도,보은군,-345.0,충청북도 보은군
2019,충청북도,영동군,-711.0,충청북도 영동군
2019,충청북도,옥천군,-346.0,충청북도 옥천군
2019,충청북도,음성군,-369.0,충청북도 음성군
2019,충청북도,제천시,-754.0,충청북도 제천시
2019,충청북도,증평군,-11.0,충청북도 증평군
2019,충청북도,진천군,662.0,충청북도 진천군
2019,충청북도,청주시,-57.0,충청북도 청주시
2019,충청북도,충주시,-454.0,충청북도 충주시
2020,강원특별자치도,강릉시,-1136.0,강원특별자치도 강릉시
2020,강원특별자치도,고성군,-394.0,강원특별자치도 고성군
2020,강원특별자치도,동해시,-293.0,강원특별자치도 동해시
2020,강원특별자치도,삼척시,-1242.0,강원특별자치도 삼척시
2020,강원특별자치도,속초시,-9.0,강원특별자치도 속초시
2020,강원특별자치도,양구군,-162.0,강원특별자치도 양구군
2020,강원특별자치도,양양군,-3.0,강원특별자치도 양양군
2020,강원특별자치도,영월군,-472.0,강원특별자치도 영월군
2020,강원특별자치도,원주시,793.0,강원특별자치도 원주시
2020,강원특별자치도,인제군,-2.0,강원특별자치도 인제군
2020,강원특별자치도,정선군,-322.0,강원특별자치도 정선군
2020,강원특별자치도,철원군,-476.0,강원특별자치도 철원군
2020,강원특별자치도,춘천시,169.0,강원특별자치도 춘천시
2020,강원특별자치도,태백시,-528.0,강원특별자치도 태백시
2020,강원특별자치도,평창군,-307.0,강원특별자치도 평창군
2020,강원특별자치도,홍천군,170.0,강원특별자치도 홍천군
2020,강원특별자치도,화천군,-27.0,강원특별자치도 화천군
2020,강원특별자치도,횡성군,-414.0,강원특별자치도 횡성군
2020,경기도,가평군,-156.0,경기도 가평군
2020,경기도,고양시,2422.0,경기도 고양시
2020,경기도,과천시,1210.0,경기도 과천시
2020,경기도,광명시,-4233.0,경기도 광명시
2020,경기도,광주시,2372.0,경기도 광주시
2020,경기도,구리시,-404.0,경기도 구리시
2020,경기도,군포시,-293.0,경기도 군포시
2020,경기도,김포시,9804.0,경기도 김포시
2020,경기도,남양주시,1831.0,경기도 남양주시
2020,경기도,동두천시,-91.0,경기도 동두천시
2020,경기도,부천시,-2245.0,경기도 부천시
2020,경기도,성남시,1544.0,경기도 성남시
2020,경기도,수원시,-55.0,경기도 수원시
2020,경기도,시흥시,6856.0,경기도 시흥시
2020,경기도,안산시,860.0,경기도 안산시
2020,경기도,안성시,989.0,경기도 안성시
2020,경기도,안양시,-5034.0,경기도 안양시
2020,경기도,양주시,1509.0,경기도 양주시
2020,경기도,양평군,-94.0,경기도 양평군
2020,경기도,여주시,-165.0,경기도 여주시
2020,경기도,연천군,-144.0,경기도 연천군
2020,경기도,오산시,1704.0,경기도 오산시
2020,경기도,용인시,4402.0,경기도 용인시
2020,경기도,의왕시,1481.0,경기도 의왕시
2020,경기도,의정부시,2901.0,경기도 의정부시
2020,경기도,이천시,1011.0,경기도 이천시
2020,경기도,파주시,2419.0,경기도 파주시
2020,경기도,평택시,8386.0,경기도 평택시
2020,경기도,포천시,-509.0,경기도 포천시
2020,경기도,하남시,8561.0,경기도 하남시
2020,경기도,화성시,15103.0,경기도 화성시
2020,경상남도,거제시,-1928.0,경상남도 거제시
2020,경상남도,거창군,-651.0,경상남도 거창군
2020,경상남도,고성군,-549.0,경상남도 고성군
2020,경상남도,김해시,-2122.0,경상남도 김해시
2020,경상남도,남해군,-418.0,경상남도 남해군
2020,경상남도,밀양시,-734.0,경상남도 밀양시
2020,경상남도,사천시,-662.0,경상남도 사천시
2020,경상남도,산청군,-336.0,경상남도 산청군
2020,경상남도,양산시,-796.0,경상남도 양산시
2020,경상남도,의령군,-220.0,경상남도 의령군
2020,경상남도,진주시,-215.0,경상남도 진주시
2020,경상남도,창녕군,-564.0,경상남도 창녕군
2020,경상남도,창원시,-5726.0,경상남도 창원시
2020,경상남도,통영시,-1457.0,경상남도 통영시
2020,경상남도,하동군,-812.0,경상남도 하동군
2020,경상남도,함안군,-793.0,경상남도 함안군
2020,경상남도,함양군,-414.0,경상남도 함양군
2020,경상남도,합천군,-522.0,경상남도 합천군
2020,경상북도,경산시,22.0,경상북도 경산시
2020,경상북도,경주시,-2001.0,경상북도 경주시
2020,경상북도,고령군,-456.0,경상북도 고령군
2020,경상북도,구미시,-2354.0,경상북도 구미시
2020,경상북도,김천시,-892.0,경상북도 김천시
2020,경상북도,문경시,-640.0,경상북도 문경시
2020,경상북도,봉화군,-350.0,경상북도 봉화군
2020,경상북도,상주시,-1778.0,경상북도 상주시
2020,경상북도,성주군,-430.0,경상북도 성주군
2020,경상북도,안동시,-699.0,경상북도 안동시
2020,경상북도,영덕군,-417.0,경상북도 영덕군
2020,경상북도,영양군,-142.0,경상북도 영양군
2020,경상북도,영주시,-1074.0,경상북도 영주시
2020,경상북도,영천시,-703.0,경상북도 영천시
2020,경상북도,예천군,-31.0,경상북도 예천군
2020,경상북도,울릉군,-127.0,경상북도 울릉군
2020,경상북도,울진군,-289.0,경상북도 울진군
2020,경상북도,의성군,-412.0,경상북도 의성군
2020,경상북도,청도군,-401.0,경상북도 청도군
2020,경상북도,청송군,-260.0,경상북도 청송군
2020,경상북도,칠곡군,-1721.0,경상북도 칠곡군
2020,경상북도,포항시,-3166.0,경상북도 포항시
2020,광주광역시,광산구,307.0,광주광역시 광산구
2020,광주광역시,남  구,-2012.0,광주광역시 남  구
2020,광주광역시,동  구,1572.0,광주광역시 동  구
2020,광주광역시,북  구,-1506.0,광주광역시 북  구
2020,광주광역시,서  구,-1570.0,광주광역시 서  구
2020,대구광역시,군위군,-316.0,대구광역시 군위군
2020,대구광역시,남  구,560.0,대구광역시 남  구
2020,대구광역시,달서구,-4001.0,대구광역시 달서구
2020,대구광역시,달성군,383.0,대구광역시 달성군
2020,대구광역시,동  구,-141.0,대구광역시 동  구
2020,대구광역시,북  구,996.0,대구광역시 북  구
2020,대구광역시,서  구,-1582.0,대구광역시 서  구
2020,대구광역시,수성구,-4008.0,대구광역시 수성구
2020,대구광역시,중  구,621.0,대구광역시 중  구
2020,대전광역시,대덕구,-696.0,대전광역시 대덕구
2020,대전광역시,동  구,-1379.0,대전광역시 동  구
2020,대전광역시,서  구,-198.0,대전광역시 서  구
2020,대전광역시,유성구,1996.0,대전광역시 유성구
2020,대전광역시,중  구,-1411.0,대전광역시 중  구
2020,부산광역시,강서구,2567.0,부산광역시 강서구
2020,부산광역시,금정구,-1911.0,부산광역시 금정구
2020,부산광역시,기장군,2575.0,부산광역시 기장군
2020,부산광역시,남  구,-1762.0,부산광역시 남  구
2020,부산광역시,동  구,555.0,부산광역시 동  구
2020,부산광역시,동래구,-1150.0,부산광역시 동래구
2020,부산광역시,부산진구,3188.0,부산광역시 부산진구
2020,부산광역시,북  구,-2747.0,부산광역시 북  구
2020,부산광역시,사상구,-1496.0,부산광역시 사상구
2020,부산광역시,사하구,-3140.0,부산광역시 사하구
2020,부산광역시,서  구,-132.0,부산광역시 서  구
2020,부산광역시,수영구,1073.0,부산광역시 수영구
2020,부산광역시,연제구,216.0,부산광역시 연제구
2020,부산광역시,영도구,-1028.0,부산광역시 영도구
2020,부산광역시,중  구,247.0,부산광역시 중  구
2020,부산광역시,해운대구,-2395.0,부산광역시 해운대구
2020,서울특별시,강남구,-2866.0,서울특별시 강남구
2020,서울특별시,강동구,6934.0,서울특별시 강동구
2020,서울특별시,강북구,-455.0,서울특별시 강북구
2020,서울특별시,강서구,2722.0,서울특별시 강서구
2020,서울특별시,관악구,5780.0,서울특별시 관악구
2020,서울특별시,광진구,2228.0,서울특별시 광진구
2020,서울특별시,구로구,2034.0,서울특별시 구로구
2020,서울특별시,금천구,2602.0,서울특별시 금천구
2020,서울특별시,노원구,-3386.0,서울특별시 노원구
2020,서울특별시,도봉구,-2133.0,서울특별시 도봉구
2020,서울특별시,동대문구,2475.0,서울특별시 동대문구
2020,서울특별시,동작구,1726.0,서울특별시 동작구
2020,서울특별시,마포구,3668.0,서울특별시 마포구
2020,서울특별시,서대문구,3143.0,서울특별시 서대문구
2020,서울특별시,서초구,-1705.0,서울특별시 서초구
2020,서울특별시,성동구,222.0,서울특별시 성동구
2020,서울특별시,성북구,823.0,서울특별시 성북구
2020,서울특별시,송파구,-101.0,서울특별시 송파구
2020,서울특별시,양천구,-2360.0,서울특별시 양천구
2020,서울특별시,영등포구,7942.0,서울특별시 영등포구
2020,서울특별시,용산구,2622.0,서울특별시 용산구
2020,서울특별시,은평구,2821.0,서울특별시 은평구
2020,서울특별시,종로구,-4.0,서울특별시 종로구
2020,서울특별시,중구,894.0,서울특별시 중구
2020,서울특별시,중랑구,1602.0,서울특별시 중랑구
2020,울산광역시,남구,-1670.0,울산광역시 남구
2020,울산광역시,동구,-1384.0,울산광역시 동구
2020,울산광역시,북구,-217.0,울산광역시 북구
2020,울산광역시,울주군,-1005.0,울산광역시 울주군
2020,울산광역시,중구,-2518.0,울산광역시 중구
2020,인천광역시,강화군,-384.0,인천광역시 강화군
2020,인천광역시,계양구,-2694.0,인천광역시 계양구
2020,인천광역시,남  구,0.0,인천광역시 남  구
2020,인천광역시,남동구,-1793.0,인천광역시 남동구
2020,인천광역시,동  구,-491.0,인천광역시 동  구
2020,인천광역시,미추홀구,305.0,인천광역시 미추홀구
2020,인천광역시,부평구,-4445.0,인천광역시 부평구
2020,인천광역시,서구,-852.0,인천광역시 서구
2020,인천광역시,연수구,3725.0,인천광역시 연수구
2020,인천광역시,옹진군,-80.0,인천광역시 옹진군
2020,인천광역시,중  구,1836.0,인천광역시 중  구
2020,전라남도,강진군,-380.0,전라남도 강진군
2020,전라남도,고흥군,-705.0,전라남도 고흥군
2020,전라남도,곡성군,-490.0,전라남도 곡성군
2020,전라남도,광양시,-2489.0,전라남도 광양시
2020,전라남도,구례군,-459.0,전라남도 구례군
2020,전라남도,나주시,398.0,전라남도 나주시
2020,전라남도,담양군,-477.0,전라남도 담양군
2020,전라남도,목포시,-2484.0,전라남도 목포시
2020,전라남도,무안군,1080.0,전라남도 무안군
2020,전라남도,보성군,-439.0,전라남도 보성군
2020,전라남도,순천시,19.0,전라남도 순천시
2020,전라남도,신안군,-609.0,전라남도 신안군
2020,전라남도,여수시,-1911.0,전라남도 여수시
2020,전라남도,영광군,-340.0,전라남도 영광군
2020,전라남도,영암군,-406.0,전라남도 영암군
2020,전라남도,완도군,-436.0,전라남도 완도군
2020,전라남도,장성군,-684.0,전라남도 장성군
2020,전라남도,장흥군,-440.0,전라남도 장흥군
2020,전라남도,진도군,141.0,전라남도 진도군
2020,전라남도,함평군,-384.0,전라남도 함평군
2020,전라남도,해남군,-693.0,전라남도 해남군
2020,전라남도,화순군,-524.0,전라남도 화순군
2020,전북특별자치도,고창군,-632.0,전북특별자치도 고창군
2020,전북특별자치도,군산시,-1264.0,전북특별자치도 군산시
2020,전북특별자치도,김제시,-676.0,전북특별자치도 김제시
2020,전북특별자치도,남원시,-603.0,전북특별자치도 남원시
2020,전북특별자치도,무주군,-203.0,전북특별자치도 무주군
2020,전북특별자치도,부안군,-581.0,전북특별자치도 부안군
2020,전북특별자치도,순창군,-295.0,전북특별자치도 순창군
2020,전북특별자치도,완주군,-395.0,전북특별자치도 완주군
2020,전북특별자치도,익산시,-3089.0,전북특별자치도 익산시
2020,전북특별자치도,임실군,-622.0,전북특별자치도 임실군
2020,전북특별자치도,장수군,-225.0,전북특별자치도 장수군
2020,전북특별자치도,전주시,-458.0,전북특별자치도 전주시
2020,전북특별자치도,정읍시,-1011.0,전북특별자치도 정읍시
2020,전북특별자치도,진안군,-232.0,전북특별자치도 진안군
2020,제주특별자치도,서귀포시,-916.0,제주특별자치도 서귀포시
2020,제주특별자치도,제주시,339.0,제주특별자치도 제주시
2020,충청남도,계룡시,-436.0,충청남도 계룡시
2020,충청남도,공주시,-1334.0,충청남도 공주시
2020,충청남도,금산군,-597.0,충청남도 금산군
2020,충청남도,논산시,-1064.0,충청남도 논산시
2020,충청남도,당진시,-717.0,충청남도 당진시
2020,충청남도,보령시,-748.0,충청남도 보령시
2020,충청남도,부여군,-789.0,충청남도 부여군
2020,충청남도,서산시,-171.0,충청남도 서산시
2020,충청남도,서천군,-554.0,충청남도 서천군
2020,충청남도,아산시,505.0,충청남도 아산시
2020,충청남도,예산군,-718.0,충청남도 예산군
2020,충청남도,천안시,3152.0,충청남도 천안시
2020,충청남도,청양군,-473.0,충청남도 청양군
2020,충청남도,태안군,-603.0,충청남도 태안군
2020,충청남도,홍성군,-625.0,충청남도 홍성군
2020,충청북도,괴산군,-340.0,충청북도 괴산군
2020,충청북도,단양군,-335.0,충청북도 단양군
2020,충청북도,보은군,-346.0,충청북도 보은군
2020,충청북도,영동군,-908.0,충청북도 영동군
2020,충청북도,옥천군,-434.0,충청북도 옥천군
2020,충청북도,음성군,-812.0,충청북도 음성군
2020,충청북도,제천시,-1289.0,충청북도 제천시
2020,충청북도,증평군,-104.0,충청북도 증평군
2020,충청북도,진천군,577.0,충청북도 진천군
2020,충청북도,청주시,1618.0,충청북도 청주시
2020,충청북도,충주시,-625.0,충청북도 충주시
2021,강원특별자치도,강릉시,-738.0,강원특별자치도 강릉시
2021,강원특별자치도,고성군,-120.0,강원특별자치도 고성군
2021,강원특별자치도,동해시,-359.0,강원특별자치도 동해시
2021,강원특별자치도,삼척시,-820.0,강원특별자치도 삼척시
2021,강원특별자치도,속초시,14.0,강원특별자치도 속초시
2021,강원특별자치도,양구군,-310.0,강원특별자치도 양구군
2021,강원특별자치도,양양군,-164.0,강원특별자치도 양양군
2021,강원특별자치도,영월군,-397.0,강원특별자치도 영월군
2021,강원특별자치도,원주시,399.0,강원특별자치도 원주시
2021,강원특별자치도,인제군,383.0,강원특별자치도 인제군
2021,강원특별자치도,정선군,-382.0,강원특별자치도 정선군
2021,강원특별자치도,철원군,-599.0,강원특별자치도 철원군
2021,강원특별자치도,춘천시,856.0,강원특별자치도 춘천시
2021,강원특별자치도,태백시,-525.0,강원특별자치도 태백시
2021,강원특별자치도,평창군,-338.0,강원특별자치도 평창군
2021,강원특별자치도,홍천군,-532.0,강원특별자치도 홍천군
2021,강원특별자치도,화천군,-311.0,강원특별자치도 화천군
2021,강원특별자치도,횡성군,-319.0,강원특별자치도 횡성군
2021,경기도,가평군,-232.0,경기도 가평군
2021,경기도,고양시,-129.0,경기도 고양시
2021,경기도,과천시,2223.0,경기도 과천시
2021,경기도,광명시,-824.0,경기도 광명시
2021,경기도,광주시,1409.0,경기도 광주시
2021,경기도,구리시,-1099.0,경기도 구리시
2021,경기도,군포시,-569.0,경기도 군포시
2021,경기도,김포시,4103.0,경기도 김포시
2021,경기도,남양주시,3822.0,경기도 남양주시
2021,경기도,동두천시,-55.0,경기도 동두천시
2021,경기도,부천시,-2433.0,경기도 부천시
2021,경기도,성남시,-332.0,경기도 성남시
2021,경기도,수원시,4357.0,경기도 수원시
2021,경기도,시흥시,2341.0,경기도 시흥시
2021,경기도,안산시,78.0,경기도 안산시
2021,경기도,안성시,732.0,경기도 안성시
2021,경기도,안양시,90.0,경기도 안양시
2021,경기도,양주시,898.0,경기도 양주시
2021,경기도,양평군,-41.0,경기도 양평군
2021,경기도,여주시,-266.0,경기도 여주시
2021,경기도,연천군,-274.0,경기도 연천군
2021,경기도,오산시,992.0,경기도 오산시
2021,경기도,용인시,938.0,경기도 용인시
2021,경기도,의왕시,42.0,경기도 의왕시
2021,경기도,의정부시,1611.0,경기도 의정부시
2021,경기도,이천시,1624.0,경기도 이천시
2021,경기도,파주시,5946.0,경기도 파주시
2021,경기도,평택시,11132.0,경기도 평택시
2021,경기도,포천시,528.0,경기도 포천시
2021,경기도,하남시,6873.0,경기도 하남시
2021,경기도,화성시,13358.0,경기도 화성시
2021,경상남도,거제시,-2693.0,경상남도 거제시
2021,경상남도,거창군,-570.0,경상남도 거창군
2021,경상남도,고성군,-501.0,경상남도 고성군
2021,경상남도,김해시,-3055.0,경상남도 김해시
2021,경상남도,남해군,-484.0,경상남도 남해군
2021,경상남도,밀양시,-877.0,경상남도 밀양시
2021,경상남도,사천시,-624.0,경상남도 사천시
2021,경상남도,산청군,-324.0,경상남도 산청군
2021,경상남도,양산시,-682.0,경상남도 양산시
2021,경상남도,의령군,-320.0,경상남도 의령군
2021,경상남도,진주시,-396.0,경상남도 진주시
2021,경상남도,창녕군,-684.0,경상남도 창녕군
2021,경상남도,창원시,-3139.0,경상남도 창원시
2021,경상남도,통영시,-1426.0,경상남도 통영시
2021,경상남도,하동군,-693.0,경상남도 하동군
2021,경상남도,함안군,-846.0,경상남도 함안군
2021,경상남도,함양군,-415.0,경상남도 함양군
2021,경상남도,합천군,-454.0,경상남도 합천군
2021,경상북도,경산시,1060.0,경상북도 경산시
2021,경상북도,경주시,-1331.0,경상북도 경주시
2021,경상북도,고령군,-336.0,경상북도 고령군
2021,경상북도,구미시,-1581.0,경상북도 구미시
2021,경상북도,김천시,-534.0,경상북도 김천시
2021,경상북도,문경시,-433.0,경상북도 문경시
2021,경상북도,봉화군,-324.0,경상북도 봉화군
2021,경상북도,상주시,-877.0,경상북도 상주시
2021,경상북도,성주군,-392.0,경상북도 성주군
2021,경상북도,안동시,-692.0,경상북도 안동시
2021,경상북도,영덕군,-309.0,경상북도 영덕군
2021,경상북도,영양군,-106.0,경상북도 영양군
2021,경상북도,영주시,-522.0,경상북도 영주시
2021,경상북도,영천시,-489.0,경상북도 영천시
2021,경상북도,예천군,-22.0,경상북도 예천군
2021,경상북도,울릉군,-23.0,경상북도 울릉군
2021,경상북도,울진군,-311.0,경상북도 울진군
2021,경상북도,의성군,-422.0,경상북도 의성군
2021,경상북도,청도군,-356.0,경상북도 청도군
2021,경상북도,청송군,-171.0,경상북도 청송군
2021,경상북도,칠곡군,-814.0,경상북도 칠곡군
2021,경상북도,포항시,604.0,경상북도 포항시
2021,광주광역시,광산구,-642.0,광주광역시 광산구
2021,광주광역시,남  구,-197.0,광주광역시 남  구
2021,광주광역시,동  구,595.0,광주광역시 동  구
2021,광주광역시,북  구,-853.0,광주광역시 북  구
2021,광주광역시,서  구,-1593.0,광주광역시 서  구
2021,대구광역시,군위군,-193.0,대구광역시 군위군
2021,대구광역시,남  구,-218.0,대구광역시 남  구
2021,대구광역시,달서구,-5403.0,대구광역시 달서구
2021,대구광역시,달성군,821.0,대구광역시 달성군
2021,대구광역시,동  구,627.0,대구광역시 동  구
2021,대구광역시,북  구,-1106.0,대구광역시 북  구
2021,대구광역시,서  구,-1612.0,대구광역시 서  구
2021,대구광역시,수성구,-4210.0,대구광역시 수성구
2021,대구광역시,중  구,-82.0,대구광역시 중  구
2021,대전광역시,대덕구,-347.0,대전광역시 대덕구
2021,대전광역시,동  구,380.0,대전광역시 동  구
2021,대전광역시,서  구,-222.0,대전광역시 서  구
2021,대전광역시,유성구,1307.0,대전광역시 유성구
2021,대전광역시,중  구,-1087.0,대전광역시 중  구
2021,부산광역시,강서구,2079.0,부산광역시 강서구
2021,부산광역시,금정구,-1191.0,부산광역시 금정구
2021,부산광역시,기장군,688.0,부산광역시 기장군
2021,부산광역시,남  구,-1281.0,부산광역시 남  구
2021,부산광역시,동  구,215.0,부산광역시 동  구
2021,부산광역시,동래구,-1321.0,부산광역시 동래구
2021,부산광역시,부산진구,157.0,부산광역시 부산진구
2021,부산광역시,북  구,-938.0,부산광역시 북  구
2021,부산광역시,사상구,-625.0,부산광역시 사상구
2021,부산광역시,사하구,-1561.0,부산광역시 사하구
2021,부산광역시,서  구,-485.0,부산광역시 서  구
2021,부산광역시,수영구,473.0,부산광역시 수영구
2021,부산광역시,연제구,-509.0,부산광역시 연제구
2021,부산광역시,영도구,-421.0,부산광역시 영도구
2021,부산광역시,중  구,470.0,부산광역시 중  구
2021,부산광역시,해운대구,-2136.0,부산광역시 해운대구
2021,서울특별시,강남구,-2482.0,서울특별시 강남구
2021,서울특별시,강동구,2240.0,서울특별시 강동구
2021,서울특별시,강북구,-1140.0,서울특별시 강북구
2021,서울특별시,강서구,4417.0,서울특별시 강서구
2021,서울특별시,관악구,4299.0,서울특별시 관악구
2021,서울특별시,광진구,1185.0,서울특별시 광진구
2021,서울특별시,구로구,952.0,서울특별시 구로구
2021,서울특별시,금천구,3203.0,서울특별시 금천구
2021,서울특별시,노원구,-3120.0,서울특별시 노원구
2021,서울특별시,도봉구,-1349.0,서울특별시 도봉구
2021,서울특별시,동대문구,2005.0,서울특별시 동대문구
2021,서울특별시,동작구,1079.0,서울특별시 동작구
2021,서울특별시,마포구,3090.0,서울특별시 마포구
2021,서울특별시,서대문구,303.0,서울특별시 서대문구
2021,서울특별시,서초구,-2656.0,서울특별시 서초구
2021,서울특별시,성동구,40.0,서울특별시 성동구
2021,서울특별시,성북구,54.0,서울특별시 성북구
2021,서울특별시,송파구,-427.0,서울특별시 송파구
2021,서울특별시,양천구,-2377.0,서울특별시 양천구
2021,서울특별시,영등포구,4473.0,서울특별시 영등포구
2021,서울특별시,용산구,1657.0,서울특별시 용산구
2021,서울특별시,은평구,810.0,서울특별시 은평구
2021,서울특별시,종로구,64.0,서울특별시 종로구
2021,서울특별시,중구,1003.0,서울특별시 중구
2021,서울특별시,중랑구,758.0,서울특별시 중랑구
2021,울산광역시,남구,-2039.0,울산광역시 남구
2021,울산광역시,동구,-1013.0,울산광역시 동구
2021,울산광역시,북구,-954.0,울산광역시 북구
2021,울산광역시,울주군,-627.0,울산광역시 울주군
2021,울산광역시,중구,-1655.0,울산광역시 중구
2021,인천광역시,강화군,-211.0,인천광역시 강화군
2021,인천광역시,계양구,-595.0,인천광역시 계양구
2021,인천광역시,남  구,0.0,인천광역시 남  구
2021,인천광역시,남동구,-1247.0,인천광역시 남동구
2021,인천광역시,동  구,25.0,인천광역시 동  구
2021,인천광역시,미추홀구,2393.0,인천광역시 미추홀구
2021,인천광역시,부평구,-997.0,인천광역시 부평구
2021,인천광역시,서구,3010.0,인천광역시 서구
2021,인천광역시,연수구,-788.0,인천광역시 연수구
2021,인천광역시,옹진군,-83.0,인천광역시 옹진군
2021,인천광역시,중  구,1572.0,인천광역시 중  구
2021,전라남도,강진군,-292.0,전라남도 강진군
2021,전라남도,고흥군,-558.0,전라남도 고흥군
2021,전라남도,곡성군,-303.0,전라남도 곡성군
2021,전라남도,광양시,-1010.0,전라남도 광양시
2021,전라남도,구례군,-242.0,전라남도 구례군
2021,전라남도,나주시,350.0,전라남도 나주시
2021,전라남도,담양군,-396.0,전라남도 담양군
2021,전라남도,목포시,-1985.0,전라남도 목포시
2021,전라남도,무안군,1287.0,전라남도 무안군
2021,전라남도,보성군,-458.0,전라남도 보성군
2021,전라남도,순천시,-881.0,전라남도 순천시
2021,전라남도,신안군,-387.0,전라남도 신안군
2021,전라남도,여수시,-1563.0,전라남도 여수시
2021,전라남도,영광군,-519.0,전라남도 영광군
2021,전라남도,영암군,-426.0,전라남도 영암군
2021,전라남도,완도군,-453.0,전라남도 완도군
2021,전라남도,장성군,-496.0,전라남도 장성군
2021,전라남도,장흥군,-456.0,전라남도 장흥군
2021,전라남도,진도군,-469.0,전라남도 진도군
2021,전라남도,함평군,-334.0,전라남도 함평군
2021,전라남도,해남군,-621.0,전라남도 해남군
2021,전라남도,화순군,-333.0,전라남도 화순군
2021,전북특별자치도,고창군,-571.0,전북특별자치도 고창군
2021,전북특별자치도,군산시,-1239.0,전북특별자치도 군산시
2021,전북특별자치도,김제시,-491.0,전북특별자치도 김제시
2021,전북특별자치도,남원시,-691.0,전북특별자치도 남원시
2021,전북특별자치도,무주군,-167.0,전북특별자치도 무주군
2021,전북특별자치도,부안군,-565.0,전북특별자치도 부안군
2021,전북특별자치도,순창군,-341.0,전북특별자치도 순창군
2021,전북특별자치도,완주군,-310.0,전북특별자치도 완주군
2021,전북특별자치도,익산시,-2068.0,전북특별자치도 익산시
2021,전북특별자치도,임실군,-275.0,전북특별자치도 임실군
2021,전북특별자치도,장수군,-239.0,전북특별자치도 장수군
2021,전북특별자치도,전주시,-133.0,전북특별자치도 전주시
2021,전북특별자치도,정읍시,-891.0,전북특별자치도 정읍시
2021,전북특별자치도,진안군,-238.0,전북특별자치도 진안군
2021,제주특별자치도,서귀포시,-295.0,제주특별자치도 서귀포시
2021,제주특별자치도,제주시,-689.0,제주특별자치도 제주시
2021,충청남도,계룡시,-184.0,충청남도 계룡시
2021,충청남도,공주시,-576.0,충청남도 공주시
2021,충청남도,금산군,-568.0,충청남도 금산군
2021,충청남도,논산시,-897.0,충청남도 논산시
2021,충청남도,당진시,-191.0,충청남도 당진시
2021,충청남도,보령시,-681.0,충청남도 보령시
2021,충청남도,부여군,-625.0,충청남도 부여군
2021,충청남도,서산시,-168.0,충청남도 서산시
2021,충청남도,서천군,-485.0,충청남도 서천군
2021,충청남도,아산시,3131.0,충청남도 아산시
2021,충청남도,예산군,-577.0,충청남도 예산군
2021,충청남도,천안시,455.0,충청남도 천안시
2021,충청남도,청양군,-382.0,충청남도 청양군
2021,충청남도,태안군,-549.0,충청남도 태안군
2021,충청남도,홍성군,-568.0,충청남도 홍성군
2021,충청북도,괴산군,-791.0,충청북도 괴산군
2021,충청북도,단양군,-349.0,충청북도 단양군
2021,충청북도,보은군,-268.0,충청북도 보은군
2021,충청북도,영동군,-927.0,충청북도 영동군
2021,충청북도,옥천군,-471.0,충청북도 옥천군
2021,충청북도,음성군,-441.0,충청북도 음성군
2021,충청북도,제천시,-851.0,충청북도 제천시
2021,충청북도,증평군,-171.0,충청북도 증평군
2021,충청북도,진천군,345.0,충청북도 진천군
2021,충청북도,청주시,1953.0,충청북도 청주시
2021,충청북도,충주시,-705.0,충청북도 충주시
2022,강원특별자치도,강릉시,-661.0,강원특별자치도 강릉시
2022,강원특별자치도,고성군,-19.0,강원특별자치도 고성군
2022,강원특별자치도,동해시,-390.0,강원특별자치도 동해시
2022,강원특별자치도,삼척시,-220.0,강원특별자치도 삼척시
2022,강원특별자치도,속초시,-4.0,강원특별자치도 속초시
2022,강원특별자치도,양구군,-209.0,강원특별자치도 양구군
2022,강원특별자치도,양양군,-126.0,강원특별자치도 양양군
2022,강원특별자치도,영월군,-283.0,강원특별자치도 영월군
2022,강원특별자치도,원주시,798.0,강원특별자치도 원주시
2022,강원특별자치도,인제군,57.0,강원특별자치도 인제군
2022,강원특별자치도,정선군,-266.0,강원특별자치도 정선군
2022,강원특별자치도,철원군,-394.0,강원특별자치도 철원군
2022,강원특별자치도,춘천시,1132.0,강원특별자치도 춘천시
2022,강원특별자치도,태백시,-417.0,강원특별자치도 태백시
2022,강원특별자치도,평창군,-151.0,강원특별자치도 평창군
2022,강원특별자치도,홍천군,-353.0,강원특별자치도 홍천군
2022,강원특별자치도,화천군,-442.0,강원특별자치도 화천군
2022,강원특별자치도,횡성군,-278.0,강원특별자치도 횡성군
2022,경기도,가평군,-112.0,경기도 가평군
2022,경기도,고양시,-458.0,경기도 고양시
2022,경기도,과천시,847.0,경기도 과천시
2022,경기도,광명시,-1201.0,경기도 광명시
2022,경기도,광주시,948.0,경기도 광주시
2022,경기도,구리시,-762.0,경기도 구리시
2022,경기도,군포시,-138.0,경기도 군포시
2022,경기도,김포시,-18.0,경기도 김포시
2022,경기도,남양주시,99.0,경기도 남양주시
2022,경기도,동두천시,-570.0,경기도 동두천시
2022,경기도,부천시,-4153.0,경기도 부천시
2022,경기도,성남시,-525.0,경기도 성남시
2022,경기도,수원시,6501.0,경기도 수원시
2022,경기도,시흥시,515.0,경기도 시흥시
2022,경기도,안산시,-3770.0,경기도 안산시
2022,경기도,안성시,-424.0,경기도 안성시
2022,경기도,안양시,772.0,경기도 안양시
2022,경기도,양주시,1269.0,경기도 양주시
2022,경기도,양평군,-314.0,경기도 양평군
2022,경기도,여주시,-86.0,경기도 여주시
2022,경기도,연천군,-216.0,경기도 연천군
2022,경기도,오산시,271.0,경기도 오산시
2022,경기도,용인시,-1102.0,경기도 용인시
2022,경기도,의왕시,-981.0,경기도 의왕시
2022,경기도,의정부시,620.0,경기도 의정부시
2022,경기도,이천시,-541.0,경기도 이천시
2022,경기도,파주시,3179.0,경기도 파주시
2022,경기도,평택시,6687.0,경기도 평택시
2022,경기도,포천시,-897.0,경기도 포천시
2022,경기도,하남시,1665.0,경기도 하남시
2022,경기도,화성시,9724.0,경기도 화성시
2022,경상남도,거제시,-2641.0,경상남도 거제시
2022,경상남도,거창군,-556.0,경상남도 거창군
2022,경상남도,고성군,-181.0,경상남도 고성군
2022,경상남도,김해시,-2841.0,경상남도 김해시
2022,경상남도,남해군,-394.0,경상남도 남해군
2022,경상남도,밀양시,-526.0,경상남도 밀양시
2022,경상남도,사천시,-324.0,경상남도 사천시
2022,경상남도,산청군,-231.0,경상남도 산청군
2022,경상남도,양산시,-1550.0,경상남도 양산시
2022,경상남도,의령군,-235.0,경상남도 의령군
2022,경상남도,진주시,-1564.0,경상남도 진주시
2022,경상남도,창녕군,-690.0,경상남도 창녕군
2022,경상남도,창원시,-5153.0,경상남도 창원시
2022,경상남도,통영시,-966.0,경상남도 통영시
2022,경상남도,하동군,-403.0,경상남도 하동군
2022,경상남도,함안군,-581.0,경상남도 함안군
2022,경상남도,함양군,-348.0,경상남도 함양군
2022,경상남도,합천군,-295.0,경상남도 합천군
2022,경상북도,경산시,354.0,경상북도 경산시
2022,경상북도,경주시,-1522.0,경상북도 경주시
2022,경상북도,고령군,-172.0,경상북도 고령군
2022,경상북도,구미시,-1297.0,경상북도 구미시
2022,경상북도,김천시,-620.0,경상북도 김천시
2022,경상북도,문경시,-330.0,경상북도 문경시
2022,경상북도,봉화군,-207.0,경상북도 봉화군
2022,경상북도,상주시,-515.0,경상북도 상주시
2022,경상북도,성주군,-294.0,경상북도 성주군
2022,경상북도,안동시,-957.0,경상북도 안동시
2022,경상북도,영덕군,-177.0,경상북도 영덕군
2022,경상북도,영양군,-126.0,경상북도 영양군
2022,경상북도,영주시,-512.0,경상북도 영주시
2022,경상북도,영천시,-620.0,경상북도 영천시
2022,경상북도,예천군,124.0,경상북도 예천군
2022,경상북도,울릉군,60.0,경상북도 울릉군
2022,경상북도,울진군,-299.0,경상북도 울진군
2022,경상북도,의성군,-146.0,경상북도 의성군
2022,경상북도,청도군,-192.0,경상북도 청도군
2022,경상북도,청송군,-113.0,경상북도 청송군
2022,경상북도,칠곡군,-735.0,경상북도 칠곡군
2022,경상북도,포항시,-3427.0,경상북도 포항시
2022,광주광역시,광산구,-1285.0,광주광역시 광산구
2022,광주광역시,남  구,-1249.0,광주광역시 남  구
2022,광주광역시,동  구,1134.0,광주광역시 동  구
2022,광주광역시,북  구,-1462.0,광주광역시 북  구
2022,광주광역시,서  구,-1459.0,광주광역시 서  구
2022,대구광역시,군위군,5.0,대구광역시 군위군
2022,대구광역시,남  구,275.0,대구광역시 남  구
2022,대구광역시,달서구,-3365.0,대구광역시 달서구
2022,대구광역시,달성군,161.0,대구광역시 달성군
2022,대구광역시,동  구,-62.0,대구광역시 동  구
2022,대구광역시,북  구,-1104.0,대구광역시 북  구
2022,대구광역시,서  구,-1402.0,대구광역시 서  구
2022,대구광역시,수성구,-3709.0,대구광역시 수성구
2022,대구광역시,중  구,2034.0,대구광역시 중  구
2022,대전광역시,대덕구,-1054.0,대전광역시 대덕구
2022,대전광역시,동  구,-353.0,대전광역시 동  구
2022,대전광역시,서  구,18.0,대전광역시 서  구
2022,대전광역시,유성구,2825.0,대전광역시 유성구
2022,대전광역시,중  구,-773.0,대전광역시 중  구
2022,부산광역시,강서구,636.0,부산광역시 강서구
2022,부산광역시,금정구,-1735.0,부산광역시 금정구
2022,부산광역시,기장군,394.0,부산광역시 기장군
2022,부산광역시,남  구,-1015.0,부산광역시 남  구
2022,부산광역시,동  구,126.0,부산광역시 동  구
2022,부산광역시,동래구,643.0,부산광역시 동래구
2022,부산광역시,부산진구,2817.0,부산광역시 부산진구
2022,부산광역시,북  구,-1479.0,부산광역시 북  구
2022,부산광역시,사상구,-835.0,부산광역시 사상구
2022,부산광역시,사하구,-1383.0,부산광역시 사하구
2022,부산광역시,서  구,-53.0,부산광역시 서  구
2022,부산광역시,수영구,968.0,부산광역시 수영구
2022,부산광역시,연제구,-636.0,부산광역시 연제구
2022,부산광역시,영도구,-686.0,부산광역시 영도구
2022,부산광역시,중  구,117.0,부산광역시 중  구
2022,부산광역시,해운대구,-3330.0,부산광역시 해운대구
2022,서울특별시,강남구,-636.0,서울특별시 강남구
2022,서울특별시,강동구,727.0,서울특별시 강동구
2022,서울특별시,강북구,169.0,서울특별시 강북구
2022,서울특별시,강서구,3717.0,서울특별시 강서구
2022,서울특별시,관악구,9759.0,서울특별시 관악구
2022,서울특별시,광진구,2356.0,서울특별시 광진구
2022,서울특별시,구로구,3372.0,서울특별시 구로구
2022,서울특별시,금천구,2433.0,서울특별시 금천구
2022,서울특별시,노원구,-684.0,서울특별시 노원구
2022,서울특별시,도봉구,-807.0,서울특별시 도봉구
2022,서울특별시,동대문구,2604.0,서울특별시 동대문구
2022,서울특별시,동작구,2526.0,서울특별시 동작구
2022,서울특별시,마포구,3029.0,서울특별시 마포구
2022,서울특별시,서대문구,2440.0,서울특별시 서대문구
2022,서울특별시,서초구,-719.0,서울특별시 서초구
2022,서울특별시,성동구,1091.0,서울특별시 성동구
2022,서울특별시,성북구,2203.0,서울특별시 성북구
2022,서울특별시,송파구,2799.0,서울특별시 송파구
2022,서울특별시,양천구,-1784.0,서울특별시 양천구
2022,서울특별시,영등포구,4582.0,서울특별시 영등포구
2022,서울특별시,용산구,2098.0,서울특별시 용산구
2022,서울특별시,은평구,1067.0,서울특별시 은평구
2022,서울특별시,종로구,432.0,서울특별시 종로구
2022,서울특별시,중구,909.0,서울특별시 중구
2022,서울특별시,중랑구,2515.0,서울특별시 중랑구
2022,울산광역시,남구,-1017.0,울산광역시 남구
2022,울산광역시,동구,-749.0,울산광역시 동구
2022,울산광역시,북구,-501.0,울산광역시 북구
2022,울산광역시,울주군,-905.0,울산광역시 울주군
2022,울산광역시,중구,-1923.0,울산광역시 중구
2022,인천광역시,강화군,-174.0,인천광역시 강화군
2022,인천광역시,계양구,-1933.0,인천광역시 계양구
2022,인천광역시,남  구,0.0,인천광역시 남  구
2022,인천광역시,남동구,-2896.0,인천광역시 남동구
2022,인천광역시,동  구,-288.0,인천광역시 동  구
2022,인천광역시,미추홀구,350.0,인천광역시 미추홀구
2022,인천광역시,부평구,2670.0,인천광역시 부평구
2022,인천광역시,서구,8064.0,인천광역시 서구
2022,인천광역시,연수구,-1852.0,인천광역시 연수구
2022,인천광역시,옹진군,109.0,인천광역시 옹진군
2022,인천광역시,중  구,3066.0,인천광역시 중  구
2022,전라남도,강진군,-230.0,전라남도 강진군
2022,전라남도,고흥군,-364.0,전라남도 고흥군
2022,전라남도,곡성군,-181.0,전라남도 곡성군
2022,전라남도,광양시,245.0,전라남도 광양시
2022,전라남도,구례군,-287.0,전라남도 구례군
2022,전라남도,나주시,-94.0,전라남도 나주시
2022,전라남도,담양군,-366.0,전라남도 담양군
2022,전라남도,목포시,-925.0,전라남도 목포시
2022,전라남도,무안군,-68.0,전라남도 무안군
2022,전라남도,보성군,-360.0,전라남도 보성군
2022,전라남도,순천시,-1613.0,전라남도 순천시
2022,전라남도,신안군,-166.0,전라남도 신안군
2022,전라남도,여수시,-797.0,전라남도 여수시
2022,전라남도,영광군,31.0,전라남도 영광군
2022,전라남도,영암군,-274.0,전라남도 영암군
2022,전라남도,완도군,-407.0,전라남도 완도군
2022,전라남도,장성군,-112.0,전라남도 장성군
2022,전라남도,장흥군,-336.0,전라남도 장흥군
2022,전라남도,진도군,-217.0,전라남도 진도군
2022,전라남도,함평군,-194.0,전라남도 함평군
2022,전라남도,해남군,-538.0,전라남도 해남군
2022,전라남도,화순군,-348.0,전라남도 화순군
2022,전북특별자치도,고창군,-483.0,전북특별자치도 고창군
2022,전북특별자치도,군산시,-1415.0,전북특별자치도 군산시
2022,전북특별자치도,김제시,212.0,전북특별자치도 김제시
2022,전북특별자치도,남원시,-762.0,전북특별자치도 남원시
2022,전북특별자치도,무주군,-174.0,전북특별자치도 무주군
2022,전북특별자치도,부안군,-373.0,전북특별자치도 부안군
2022,전북특별자치도,순창군,-113.0,전북특별자치도 순창군
2022,전북특별자치도,완주군,445.0,전북특별자치도 완주군
2022,전북특별자치도,익산시,-1999.0,전북특별자치도 익산시
2022,전북특별자치도,임실군,-122.0,전북특별자치도 임실군
2022,전북특별자치도,장수군,-183.0,전북특별자치도 장수군
2022,전북특별자치도,전주시,-2806.0,전북특별자치도 전주시
2022,전북특별자치도,정읍시,-709.0,전북특별자치도 정읍시
2022,전북특별자치도,진안군,-184.0,전북특별자치도 진안군
2022,제주특별자치도,서귀포시,-424.0,제주특별자치도 서귀포시
2022,제주특별자치도,제주시,-755.0,제주특별자치도 제주시
2022,충청남도,계룡시,-3.0,충청남도 계룡시
2022,충청남도,공주시,-115.0,충청남도 공주시
2022,충청남도,금산군,-294.0,충청남도 금산군
2022,충청남도,논산시,-685.0,충청남도 논산시
2022,충청남도,당진시,79.0,충청남도 당진시
2022,충청남도,보령시,-580.0,충청남도 보령시
2022,충청남도,부여군,-572.0,충청남도 부여군
2022,충청남도,서산시,-253.0,충청남도 서산시
2022,충청남도,서천군,-323.0,충청남도 서천군
2022,충청남도,아산시,2967.0,충청남도 아산시
2022,충청남도,예산군,-193.0,충청남도 예산군
2022,충청남도,천안시,497.0,충청남도 천안시
2022,충청남도,청양군,-181.0,충청남도 청양군
2022,충청남도,태안군,-333.0,충청남도 태안군
2022,충청남도,홍성군,-392.0,충청남도 홍성군
2022,충청북도,괴산군,-479.0,충청북도 괴산군
2022,충청북도,단양군,-191.0,충청북도 단양군
2022,충청북도,보은군,-214.0,충청북도 보은군
2022,충청북도,영동군,-441.0,충청북도 영동군
2022,충청북도,옥천군,-329.0,충청북도 옥천군
2022,충청북도,음성군,-265.0,충청북도 음성군
2022,충청북도,제천시,-161.0,충청북도 제천시
2022,충청북도,증평군,284.0,충청북도 증평군
2022,충청북도,진천군,327.0,충청북도 진천군
2022,충청북도,청주시,1409.0,충청북도 청주시
2022,충청북도,충주시,-596.0,충청북도 충주시
2023,강원특별자치도,강릉시,-956.0,강원특별자치도 강릉시
2023,강원특별자치도,고성군,8.0,강원특별자치도 고성군
2023,강원특별자치도,동해시,-427.0,강원특별자치도 동해시
2023,강원특별자치도,삼척시,-476.0,강원특별자치도 삼척시
2023,강원특별자치도,속초시,-347.0,강원특별자치도 속초시
2023,강원특별자치도,양구군,-191.0,강원특별자치도 양구군
2023,강원특별자치도,양양군,-62.0,강원특별자치도 양양군
2023,강원특별자치도,영월군,-287.0,강원특별자치도 영월군
2023,강원특별자치도,원주시,-29.0,강원특별자치도 원주시
2023,강원특별자치도,인제군,-9.0,강원특별자치도 인제군
2023,강원특별자치도,정선군,-247.0,강원특별자치도 정선군
2023,강원특별자치도,철원군,-254.0,강원특별자치도 철원군
2023,강원특별자치도,춘천시,581.0,강원특별자치도 춘천시
2023,강원특별자치도,태백시,-196.0,강원특별자치도 태백시
2023,강원특별자치도,평창군,-118.0,강원특별자치도 평창군
2023,강원특별자치도,홍천군,-319.0,강원특별자치도 홍천군
2023,강원특별자치도,화천군,-162.0,강원특별자치도 화천군
2023,강원특별자치도,횡성군,-306.0,강원특별자치도 횡성군
2023,경기도,가평군,-86.0,경기도 가평군
2023,경기도,고양시,-638.0,경기도 고양시
2023,경기도,과천시,397.0,경기도 과천시
2023,경기도,광명시,-1450.0,경기도 광명시
2023,경기도,광주시,-513.0,경기도 광주시
2023,경기도,구리시,-529.0,경기도 구리시
2023,경기도,군포시,-1437.0,경기도 군포시
2023,경기도,김포시,970.0,경기도 김포시
2023,경기도,남양주시,-1698.0,경기도 남양주시
2023,경기도,동두천시,-1032.0,경기도 동두천시
2023,경기도,부천시,-2794.0,경기도 부천시
2023,경기도,성남시,806.0,경기도 성남시
2023,경기도,수원시,5712.0,경기도 수원시
2023,경기도,시흥시,1356.0,경기도 시흥시
2023,경기도,안산시,-4862.0,경기도 안산시
2023,경기도,안성시,-172.0,경기도 안성시
2023,경기도,안양시,-903.0,경기도 안양시
2023,경기도,양주시,5606.0,경기도 양주시
2023,경기도,양평군,-43.0,경기도 양평군
2023,경기도,여주시,-5.0,경기도 여주시
2023,경기도,연천군,-161.0,경기도 연천군
2023,경기도,오산시,-70.0,경기도 오산시
2023,경기도,용인시,-799.0,경기도 용인시
2023,경기도,의왕시,-78.0,경기도 의왕시
2023,경기도,의정부시,-381.0,경기도 의정부시
2023,경기도,이천시,-818.0,경기도 이천시
2023,경기도,파주시,-15.0,경기도 파주시
2023,경기도,평택시,5652.0,경기도 평택시
2023,경기도,포천시,-1262.0,경기도 포천시
2023,경기도,하남시,1768.0,경기도 하남시
2023,경기도,화성시,12670.0,경기도 화성시
2023,경상남도,거제시,-1593.0,경상남도 거제시
2023,경상남도,거창군,-387.0,경상남도 거창군
2023,경상남도,고성군,-497.0,경상남도 고성군
2023,경상남도,김해시,-2327.0,경상남도 김해시
2023,경상남도,남해군,-336.0,경상남도 남해군
2023,경상남도,밀양시,-506.0,경상남도 밀양시
2023,경상남도,사천시,-19.0,경상남도 사천시
2023,경상남도,산청군,-134.0,경상남도 산청군
2023,경상남도,양산시,-606.0,경상남도 양산시
2023,경상남도,의령군,-190.0,경상남도 의령군
2023,경상남도,진주시,-988.0,경상남도 진주시
2023,경상남도,창녕군,-546.0,경상남도 창녕군
2023,경상남도,창원시,-5041.0,경상남도 창원시
2023,경상남도,통영시,-937.0,경상남도 통영시
2023,경상남도,하동군,-331.0,경상남도 하동군
2023,경상남도,함안군,-489.0,경상남도 함안군
2023,경상남도,함양군,-321.0,경상남도 함양군
2023,경상남도,합천군,-281.0,경상남도 합천군
2023,경상북도,경산시,-194.0,경상북도 경산시
2023,경상북도,경주시,-957.0,경상북도 경주시
2023,경상북도,고령군,-174.0,경상북도 고령군
2023,경상북도,구미시,-1055.0,경상북도 구미시
2023,경상북도,김천시,-763.0,경상북도 김천시
2023,경상북도,문경시,-659.0,경상북도 문경시
2023,경상북도,봉화군,-172.0,경상북도 봉화군
2023,경상북도,상주시,-610.0,경상북도 상주시
2023,경상북도,성주군,-202.0,경상북도 성주군
2023,경상북도,안동시,-534.0,경상북도 안동시
2023,경상북도,영덕군,-155.0,경상북도 영덕군
2023,경상북도,영양군,-131.0,경상북도 영양군
2023,경상북도,영주시,-186.0,경상북도 영주시
2023,경상북도,영천시,-540.0,경상북도 영천시
2023,경상북도,예천군,-119.0,경상북도 예천군
2023,경상북도,울릉군,15.0,경상북도 울릉군
2023,경상북도,울진군,-131.0,경상북도 울진군
2023,경상북도,의성군,-84.0,경상북도 의성군
2023,경상북도,청도군,-221.0,경상북도 청도군
2023,경상북도,청송군,-54.0,경상북도 청송군
2023,경상북도,칠곡군,-971.0,경상북도 칠곡군
2023,경상북도,포항시,-1279.0,경상북도 포항시
2023,광주광역시,광산구,-1623.0,광주광역시 광산구
2023,광주광역시,남  구,-1597.0,광주광역시 남  구
2023,광주광역시,동  구,856.0,광주광역시 동  구
2023,광주광역시,북  구,-2048.0,광주광역시 북  구
2023,광주광역시,서  구,-1461.0,광주광역시 서  구
2023,대구광역시,군위군,-185.0,대구광역시 군위군
2023,대구광역시,남  구,-487.0,대구광역시 남  구
2023,대구광역시,달서구,-4165.0,대구광역시 달서구
2023,대구광역시,달성군,-296.0,대구광역시 달성군
2023,대구광역시,동  구,1310.0,대구광역시 동  구
2023,대구광역시,북  구,-3791.0,대구광역시 북  구
2023,대구광역시,서  구,1003.0,대구광역시 서  구
2023,대구광역시,수성구,-3600.0,대구광역시 수성구
2023,대구광역시,중  구,2937.0,대구광역시 중  구
2023,대전광역시,대덕구,-1178.0,대전광역시 대덕구
2023,대전광역시,동  구,-274.0,대전광역시 동  구
2023,대전광역시,서  구,-498.0,대전광역시 서  구
2023,대전광역시,유성구,4473.0,대전광역시 유성구
2023,대전광역시,중  구,-1453.0,대전광역시 중  구
2023,부산광역시,강서구,141.0,부산광역시 강서구
2023,부산광역시,금정구,-1938.0,부산광역시 금정구
2023,부산광역시,기장군,196.0,부산광역시 기장군
2023,부산광역시,남  구,-267.0,부산광역시 남  구
2023,부산광역시,동  구,535.0,부산광역시 동  구
2023,부산광역시,동래구,-1468.0,부산광역시 동래구
2023,부산광역시,부산진구,2782.0,부산광역시 부산진구
2023,부산광역시,북  구,-2135.0,부산광역시 북  구
2023,부산광역시,사상구,162.0,부산광역시 사상구
2023,부산광역시,사하구,-1741.0,부산광역시 사하구
2023,부산광역시,서  구,9.0,부산광역시 서  구
2023,부산광역시,수영구,397.0,부산광역시 수영구
2023,부산광역시,연제구,1290.0,부산광역시 연제구
2023,부산광역시,영도구,-576.0,부산광역시 영도구
2023,부산광역시,중  구,-196.0,부산광역시 중  구
2023,부산광역시,해운대구,-2628.0,부산광역시 해운대구
2023,서울특별시,강남구,3635.0,서울특별시 강남구
2023,서울특별시,강동구,1693.0,서울특별시 강동구
2023,서울특별시,강북구,-791.0,서울특별시 강북구
2023,서울특별시,강서구,1754.0,서울특별시 강서구
2023,서울특별시,관악구,3532.0,서울특별시 관악구
2023,서울특별시,광진구,1797.0,서울특별시 광진구
2023,서울특별시,구로구,1445.0,서울특별시 구로구
2023,서울특별시,금천구,1383.0,서울특별시 금천구
2023,서울특별시,노원구,-1143.0,서울특별시 노원구
2023,서울특별시,도봉구,-904.0,서울특별시 도봉구
2023,서울특별시,동대문구,3753.0,서울특별시 동대문구
2023,서울특별시,동작구,2811.0,서울특별시 동작구
2023,서울특별시,마포구,3110.0,서울특별시 마포구
2023,서울특별시,서대문구,1997.0,서울특별시 서대문구
2023,서울특별시,서초구,1963.0,서울특별시 서초구
2023,서울특별시,성동구,1788.0,서울특별시 성동구
2023,서울특별시,성북구,356.0,서울특별시 성북구
2023,서울특별시,송파구,2523.0,서울특별시 송파구
2023,서울특별시,양천구,-1996.0,서울특별시 양천구
2023,서울특별시,영등포구,5164.0,서울특별시 영등포구
2023,서울특별시,용산구,420.0,서울특별시 용산구
2023,서울특별시,은평구,2409.0,서울특별시 은평구
2023,서울특별시,종로구,208.0,서울특별시 종로구
2023,서울특별시,중구,2014.0,서울특별시 중구
2023,서울특별시,중랑구,1128.0,서울특별시 중랑구
2023,울산광역시,남구,-1089.0,울산광역시 남구
2023,울산광역시,동구,0.0,울산광역시 동구
2023,울산광역시,북구,-574.0,울산광역시 북구
2023,울산광역시,울주군,-1695.0,울산광역시 울주군
2023,울산광역시,중구,-123.0,울산광역시 중구
2023,인천광역시,강화군,-369.0,인천광역시 강화군
2023,인천광역시,계양구,-2913.0,인천광역시 계양구
2023,인천광역시,남  구,0.0,인천광역시 남  구
2023,인천광역시,남동구,-4073.0,인천광역시 남동구
2023,인천광역시,동  구,499.0,인천광역시 동  구
2023,인천광역시,미추홀구,-162.0,인천광역시 미추홀구
2023,인천광역시,부평구,1996.0,인천광역시 부평구
2023,인천광역시,서구,9138.0,인천광역시 서구
2023,인천광역시,연수구,921.0,인천광역시 연수구
2023,인천광역시,옹진군,-115.0,인천광역시 옹진군
2023,인천광역시,중  구,2928.0,인천광역시 중  구
2023,전라남도,강진군,-173.0,전라남도 강진군
2023,전라남도,고흥군,-224.0,전라남도 고흥군
2023,전라남도,곡성군,-123.0,전라남도 곡성군
2023,전라남도,광양시,-287.0,전라남도 광양시
2023,전라남도,구례군,-165.0,전라남도 구례군
2023,전라남도,나주시,551.0,전라남도 나주시
2023,전라남도,담양군,-279.0,전라남도 담양군
2023,전라남도,목포시,-1355.0,전라남도 목포시
2023,전라남도,무안군,6.0,전라남도 무안군
2023,전라남도,보성군,-201.0,전라남도 보성군
2023,전라남도,순천시,-705.0,전라남도 순천시
2023,전라남도,신안군,-21.0,전라남도 신안군
2023,전라남도,여수시,-1438.0,전라남도 여수시
2023,전라남도,영광군,-142.0,전라남도 영광군
2023,전라남도,영암군,-104.0,전라남도 영암군
2023,전라남도,완도군,-235.0,전라남도 완도군
2023,전라남도,장성군,-197.0,전라남도 장성군
2023,전라남도,장흥군,-247.0,전라남도 장흥군
2023,전라남도,진도군,-143.0,전라남도 진도군
2023,전라남도,함평군,-104.0,전라남도 함평군
2023,전라남도,해남군,-459.0,전라남도 해남군
2023,전라남도,화순군,-389.0,전라남도 화순군
2023,전북특별자치도,고창군,-315.0,전북특별자치도 고창군
2023,전북특별자치도,군산시,-1164.0,전북특별자치도 군산시
2023,전북특별자치도,김제시,11.0,전북특별자치도 김제시
2023,전북특별자치도,남원시,-657.0,전북특별자치도 남원시
2023,전북특별자치도,무주군,-89.0,전북특별자치도 무주군
2023,전북특별자치도,부안군,-285.0,전북특별자치도 부안군
2023,전북특별자치도,순창군,38.0,전북특별자치도 순창군
2023,전북특별자치도,완주군,1642.0,전북특별자치도 완주군
2023,전북특별자치도,익산시,-1688.0,전북특별자치도 익산시
2023,전북특별자치도,임실군,-129.0,전북특별자치도 임실군
2023,전북특별자치도,장수군,-180.0,전북특별자치도 장수군
2023,전북특별자치도,전주시,-3586.0,전북특별자치도 전주시
2023,전북특별자치도,정읍시,-714.0,전북특별자치도 정읍시
2023,전북특별자치도,진안군,-80.0,전북특별자치도 진안군
2023,제주특별자치도,서귀포시,-806.0,제주특별자치도 서귀포시
2023,제주특별자치도,제주시,-1357.0,제주특별자치도 제주시
2023,충청남도,계룡시,327.0,충청남도 계룡시
2023,충청남도,공주시,-56.0,충청남도 공주시
2023,충청남도,금산군,-167.0,충청남도 금산군
2023,충청남도,논산시,-758.0,충청남도 논산시
2023,충청남도,당진시,354.0,충청남도 당진시
2023,충청남도,보령시,-662.0,충청남도 보령시
2023,충청남도,부여군,-554.0,충청남도 부여군
2023,충청남도,서산시,-260.0,충청남도 서산시
2023,충청남도,서천군,-307.0,충청남도 서천군
2023,충청남도,아산시,3696.0,충청남도 아산시
2023,충청남도,예산군,93.0,충청남도 예산군
2023,충청남도,천안시,395.0,충청남도 천안시
2023,충청남도,청양군,-143.0,충청남도 청양군
2023,충청남도,태안군,-314.0,충청남도 태안군
2023,충청남도,홍성군,-254.0,충청남도 홍성군
2023,충청북도,괴산군,-230.0,충청북도 괴산군
2023,충청북도,단양군,-117.0,충청북도 단양군
2023,충청북도,보은군,-196.0,충청북도 보은군
2023,충청북도,영동군,-357.0,충청북도 영동군
2023,충청북도,옥천군,-218.0,충청북도 옥천군
2023,충청북도,음성군,-318.0,충청북도 음성군
2023,충청북도,제천시,-425.0,충청북도 제천시
2023,충청북도,증평군,61.0,충청북도 증평군
2023,충청북도,진천군,-116.0,충청북도 진천군
2023,충청북도,청주시,1649.0,충청북도 청주시
2023,충청북도,충주시,-59.0,충청북도 충주시
2024,강원특별자치도,강릉시,-939.0,강원특별자치도 강릉시
2024,강원특별자치도,고성군,-119.0,강원특별자치도 고성군
2024,강원특별자치도,동해시,-407.0,강원특별자치도 동해시
2024,강원특별자치도,삼척시,-507.0,강원특별자치도 삼척시
2024,강원특별자치도,속초시,-531.0,강원특별자치도 속초시
2024,강원특별자치도,양구군,-186.0,강원특별자치도 양구군
2024,강원특별자치도,양양군,-147.0,강원특별자치도 양양군
2024,강원특별자치도,영월군,-341.0,강원특별자치도 영월군
2024,강원특별자치도,원주시,-193.0,강원특별자치도 원주시
2024,강원특별자치도,인제군,-139.0,강원특별자치도 인제군
2024,강원특별자치도,정선군,-185.0,강원특별자치도 정선군
2024,강원특별자치도,철원군,-425.0,강원특별자치도 철원군
2024,강원특별자치도,춘천시,628.0,강원특별자치도 춘천시
2024,강원특별자치도,태백시,-355.0,강원특별자치도 태백시
2024,강원특별자치도,평창군,-189.0,강원특별자치도 평창군
2024,강원특별자치도,홍천군,-395.0,강원특별자치도 홍천군
2024,강원특별자치도,화천군,-93.0,강원특별자치도 화천군
2024,강원특별자치도,횡성군,-232.0,강원특별자치도 횡성군
2024,경기도,가평군,-21.0,경기도 가평군
2024,경기도,고양시,-1204.0,경기도 고양시
2024,경기도,과천시,966.0,경기도 과천시
2024,경기도,광명시,-71.0,경기도 광명시
2024,경기도,광주시,1196.0,경기도 광주시
2024,경기도,구리시,476.0,경기도 구리시
2024,경기도,군포시,-954.0,경기도 군포시
2024,경기도,김포시,807.0,경기도 김포시
2024,경기도,남양주시,-175.0,경기도 남양주시
2024,경기도,동두천시,-696.0,경기도 동두천시
2024,경기도,부천시,-2889.0,경기도 부천시
2024,경기도,성남시,618.0,경기도 성남시
2024,경기도,수원시,3006.0,경기도 수원시
2024,경기도,시흥시,-769.0,경기도 시흥시
2024,경기도,안산시,-3526.0,경기도 안산시
2024,경기도,안성시,1230.0,경기도 안성시
2024,경기도,안양시,4088.0,경기도 안양시
2024,경기도,양주시,5814.0,경기도 양주시
2024,경기도,양평군,-319.0,경기도 양평군
2024,경기도,여주시,-299.0,경기도 여주시
2024,경기도,연천군,-317.0,경기도 연천군
2024,경기도,오산시,3652.0,경기도 오산시
2024,경기도,용인시,2403.0,경기도 용인시
2024,경기도,의왕시,-909.0,경기도 의왕시
2024,경기도,의정부시,-1727.0,경기도 의정부시
2024,경기도,이천시,-609.0,경기도 이천시
2024,경기도,파주시,2466.0,경기도 파주시
2024,경기도,평택시,3780.0,경기도 평택시
2024,경기도,포천시,-854.0,경기도 포천시
2024,경기도,하남시,727.0,경기도 하남시
2024,경기도,화성시,9845.0,경기도 화성시
2024,경상남도,거제시,-1270.0,경상남도 거제시
2024,경상남도,거창군,-546.0,경상남도 거창군
2024,경상남도,고성군,-554.0,경상남도 고성군
2024,경상남도,김해시,-2197.0,경상남도 김해시
2024,경상남도,남해군,-418.0,경상남도 남해군
2024,경상남도,밀양시,-519.0,경상남도 밀양시
2024,경상남도,사천시,-233.0,경상남도 사천시
2024,경상남도,산청군,-237.0,경상남도 산청군
2024,경상남도,양산시,563.0,경상남도 양산시
2024,경상남도,의령군,-99.0,경상남도 의령군
2024,경상남도,진주시,-622.0,경상남도 진주시
2024,경상남도,창녕군,-383.0,경상남도 창녕군
2024,경상남도,창원시,-3865.0,경상남도 창원시
2024,경상남도,통영시,-712.0,경상남도 통영시
2024,경상남도,하동군,-322.0,경상남도 하동군
2024,경상남도,함안군,-532.0,경상남도 함안군
2024,경상남도,함양군,-352.0,경상남도 함양군
2024,경상남도,합천군,-218.0,경상남도 합천군
2024,경상북도,경산시,648.0,경상북도 경산시
2024,경상북도,경주시,-1264.0,경상북도 경주시
2024,경상북도,고령군,-143.0,경상북도 고령군
2024,경상북도,구미시,-934.0,경상북도 구미시
2024,경상북도,김천시,-934.0,경상북도 김천시
2024,경상북도,문경시,-629.0,경상북도 문경시
2024,경상북도,봉화군,-239.0,경상북도 봉화군
2024,경상북도,상주시,-795.0,경상북도 상주시
2024,경상북도,성주군,-278.0,경상북도 성주군
2024,경상북도,안동시,869.0,경상북도 안동시
2024,경상북도,영덕군,-263.0,경상북도 영덕군
2024,경상북도,영양군,-88.0,경상북도 영양군
2024,경상북도,영주시,-729.0,경상북도 영주시
2024,경상북도,영천시,-763.0,경상북도 영천시
2024,경상북도,예천군,-270.0,경상북도 예천군
2024,경상북도,울릉군,5.0,경상북도 울릉군
2024,경상북도,울진군,-95.0,경상북도 울진군
2024,경상북도,의성군,-379.0,경상북도 의성군
2024,경상북도,청도군,-317.0,경상북도 청도군
2024,경상북도,청송군,-101.0,경상북도 청송군
2024,경상북도,칠곡군,-1344.0,경상북도 칠곡군
2024,경상북도,포항시,-665.0,경상북도 포항시
2024,광주광역시,광산구,-1986.0,광주광역시 광산구
2024,광주광역시,남  구,-1376.0,광주광역시 남  구
2024,광주광역시,동  구,1.0,광주광역시 동  구
2024,광주광역시,북  구,32.0,광주광역시 북  구
2024,광주광역시,서  구,-1996.0,광주광역시 서  구
2024,대구광역시,군위군,-189.0,대구광역시 군위군
2024,대구광역시,남  구,-677.0,대구광역시 남  구
2024,대구광역시,달서구,-3138.0,대구광역시 달서구
2024,대구광역시,달성군,-1443.0,대구광역시 달성군
2024,대구광역시,동  구,921.0,대구광역시 동  구
2024,대구광역시,북  구,-2463.0,대구광역시 북  구
2024,대구광역시,서  구,-385.0,대구광역시 서  구
2024,대구광역시,수성구,-2272.0,대구광역시 수성구
2024,대구광역시,중  구,3123.0,대구광역시 중  구
2024,대전광역시,대덕구,-547.0,대전광역시 대덕구
2024,대전광역시,동  구,274.0,대전광역시 동  구
2024,대전광역시,서  구,-1360.0,대전광역시 서  구
2024,대전광역시,유성구,2828.0,대전광역시 유성구
2024,대전광역시,중  구,-295.0,대전광역시 중  구
2024,부산광역시,강서구,543.0,부산광역시 강서구
2024,부산광역시,금정구,-1505.0,부산광역시 금정구
2024,부산광역시,기장군,-746.0,부산광역시 기장군
2024,부산광역시,남  구,309.0,부산광역시 남  구
2024,부산광역시,동  구,5.0,부산광역시 동  구
2024,부산광역시,동래구,94.0,부산광역시 동래구
2024,부산광역시,부산진구,1914.0,부산광역시 부산진구
2024,부산광역시,북  구,-1926.0,부산광역시 북  구
2024,부산광역시,사상구,-1266.0,부산광역시 사상구
2024,부산광역시,사하구,-2078.0,부산광역시 사하구
2024,부산광역시,서  구,-568.0,부산광역시 서  구
2024,부산광역시,수영구,-325.0,부산광역시 수영구
2024,부산광역시,연제구,1530.0,부산광역시 연제구
2024,부산광역시,영도구,-734.0,부산광역시 영도구
2024,부산광역시,중  구,-145.0,부산광역시 중  구
2024,부산광역시,해운대구,-1837.0,부산광역시 해운대구
2024,서울특별시,강남구,2377.0,서울특별시 강남구
2024,서울특별시,강동구,5678.0,서울특별시 강동구
2024,서울특별시,강북구,-648.0,서울특별시 강북구
2024,서울특별시,강서구,1111.0,서울특별시 강서구
2024,서울특별시,관악구,3547.0,서울특별시 관악구
2024,서울특별시,광진구,1168.0,서울특별시 광진구
2024,서울특별시,구로구,651.0,서울특별시 구로구
2024,서울특별시,금천구,1328.0,서울특별시 금천구
2024,서울특별시,노원구,-1795.0,서울특별시 노원구
2024,서울특별시,도봉구,-549.0,서울특별시 도봉구
2024,서울특별시,동대문구,1484.0,서울특별시 동대문구
2024,서울특별시,동작구,2050.0,서울특별시 동작구
2024,서울특별시,마포구,2370.0,서울특별시 마포구
2024,서울특별시,서대문구,291.0,서울특별시 서대문구
2024,서울특별시,서초구,609.0,서울특별시 서초구
2024,서울특별시,성동구,1045.0,서울특별시 성동구
2024,서울특별시,성북구,73.0,서울특별시 성북구
2024,서울특별시,송파구,2149.0,서울특별시 송파구
2024,서울특별시,양천구,-2455.0,서울특별시 양천구
2024,서울특별시,영등포구,4630.0,서울특별시 영등포구
2024,서울특별시,용산구,-447.0,서울특별시 용산구
2024,서울특별시,은평구,676.0,서울특별시 은평구
2024,서울특별시,종로구,520.0,서울특별시 종로구
2024,서울특별시,중구,1027.0,서울특별시 중구
2024,서울특별시,중랑구,1120.0,서울특별시 중랑구
2024,울산광역시,남구,-441.0,울산광역시 남구
2024,울산광역시,동구,-314.0,울산광역시 동구
2024,울산광역시,북구,84.0,울산광역시 북구
2024,울산광역시,울주군,-421.0,울산광역시 울주군
2024,울산광역시,중구,-428.0,울산광역시 중구
2024,인천광역시,강화군,-98.0,인천광역시 강화군
2024,인천광역시,계양구,-174.0,인천광역시 계양구
2024,인천광역시,남  구,0.0,인천광역시 남  구
2024,인천광역시,남동구,-1351.0,인천광역시 남동구
2024,인천광역시,동  구,-243.0,인천광역시 동  구
2024,인천광역시,미추홀구,2165.0,인천광역시 미추홀구
2024,인천광역시,부평구,106.0,인천광역시 부평구
2024,인천광역시,서구,3029.0,인천광역시 서구
2024,인천광역시,연수구,1315.0,인천광역시 연수구
2024,인천광역시,옹진군,-138.0,인천광역시 옹진군
2024,인천광역시,중  구,3134.0,인천광역시 중  구
2024,전라남도,강진군,-158.0,전라남도 강진군
2024,전라남도,고흥군,-303.0,전라남도 고흥군
2024,전라남도,곡성군,-166.0,전라남도 곡성군
2024,전라남도,광양시,412.0,전라남도 광양시
2024,전라남도,구례군,-93.0,전라남도 구례군
2024,전라남도,나주시,-253.0,전라남도 나주시
2024,전라남도,담양군,-424.0,전라남도 담양군
2024,전라남도,목포시,-1617.0,전라남도 목포시
2024,전라남도,무안군,668.0,전라남도 무안군
2024,전라남도,보성군,-229.0,전라남도 보성군
2024,전라남도,순천시,-1175.0,전라남도 순천시
2024,전라남도,신안군,-29.0,전라남도 신안군
2024,전라남도,여수시,-1711.0,전라남도 여수시
2024,전라남도,영광군,134.0,전라남도 영광군
2024,전라남도,영암군,-351.0,전라남도 영암군
2024,전라남도,완도군,-287.0,전라남도 완도군
2024,전라남도,장성군,-237.0,전라남도 장성군
2024,전라남도,장흥군,-174.0,전라남도 장흥군
2024,전라남도,진도군,-139.0,전라남도 진도군
2024,전라남도,함평군,-125.0,전라남도 함평군
2024,전라남도,해남군,-486.0,전라남도 해남군
2024,전라남도,화순군,-323.0,전라남도 화순군
2024,전북특별자치도,고창군,-314.0,전북특별자치도 고창군
2024,전북특별자치도,군산시,-955.0,전북특별자치도 군산시
2024,전북특별자치도,김제시,-348.0,전북특별자치도 김제시
2024,전북특별자치도,남원시,-548.0,전북특별자치도 남원시
2024,전북특별자치도,무주군,-63.0,전북특별자치도 무주군
2024,전북특별자치도,부안군,-385.0,전북특별자치도 부안군
2024,전북특별자치도,순창군,-86.0,전북특별자치도 순창군
2024,전북특별자치도,완주군,566.0,전북특별자치도 완주군
2024,전북특별자치도,익산시,-1521.0,전북특별자치도 익산시
2024,전북특별자치도,임실군,-111.0,전북특별자치도 임실군
2024,전북특별자치도,장수군,-135.0,전북특별자치도 장수군
2024,전북특별자치도,전주시,-3198.0,전북특별자치도 전주시
2024,전북특별자치도,정읍시,-697.0,전북특별자치도 정읍시
2024,전북특별자치도,진안군,-102.0,전북특별자치도 진안군
2024,제주특별자치도,서귀포시,-954.0,제주특별자치도 서귀포시
2024,제주특별자치도,제주시,-1579.0,제주특별자치도 제주시
2024,충청남도,계룡시,-256.0,충청남도 계룡시
2024,충청남도,공주시,-339.0,충청남도 공주시
2024,충청남도,금산군,-179.0,충청남도 금산군
2024,충청남도,논산시,-796.0,충청남도 논산시
2024,충청남도,당진시,481.0,충청남도 당진시
2024,충청남도,보령시,-768.0,충청남도 보령시
2024,충청남도,부여군,-547.0,충청남도 부여군
2024,충청남도,서산시,-705.0,충청남도 서산시
2024,충청남도,서천군,-277.0,충청남도 서천군
2024,충청남도,아산시,3589.0,충청남도 아산시
2024,충청남도,예산군,-91.0,충청남도 예산군
2024,충청남도,천안시,1494.0,충청남도 천안시
2024,충청남도,청양군,-267.0,충청남도 청양군
2024,충청남도,태안군,-241.0,충청남도 태안군
2024,충청남도,홍성군,440.0,충청남도 홍성군
2024,충청북도,괴산군,-77.0,충청북도 괴산군
2024,충청북도,단양군,-152.0,충청북도 단양군
2024,충청북도,보은군,-181.0,충청북도 보은군
2024,충청북도,영동군,-267.0,충청북도 영동군
2024,충청북도,옥천군,-334.0,충청북도 옥천군
2024,충청북도,음성군,73.0,충청북도 음성군
2024,충청북도,제천시,-1048.0,충청북도 제천시
2024,충청북도,증평군,-155.0,충청북도 증평군
2024,충청북도,진천군,-262.0,충청북도 진천군
2024,충청북도,청주시,898.0,충청북도 청주시
2024,충청북도,충주시,-216.0,충청북도 충주시
2025,강원특별자치도,강릉시,-713.0,강원특별자치도 강릉시
2025,강원특별자치도,고성군,-56.0,강원특별자치도 고성군
2025,강원특별자치도,동해시,-327.0,강원특별자치도 동해시
2025,강원특별자치도,삼척시,-717.0,강원특별자치도 삼척시
2025,강원특별자치도,속초시,-399.0,강원특별자치도 속초시
2025,강원특별자치도,양구군,-56.0,강원특별자치도 양구군
2025,강원특별자치도,양양군,-81.0,강원특별자치도 양양군
2025,강원특별자치도,영월군,-249.0,강원특별자치도 영월군
2025,강원특별자치도,원주시,106.0,강원특별자치도 원주시
2025,강원특별자치도,인제군,-147.0,강원특별자치도 인제군
2025,강원특별자치도,정선군,302.0,강원특별자치도 정선군
2025,강원특별자치도,철원군,-28.0,강원특별자치도 철원군
2025,강원특별자치도,춘천시,-460.0,강원특별자치도 춘천시
2025,강원특별자치도,태백시,-221.0,강원특별자치도 태백시
2025,강원특별자치도,평창군,-307.0,강원특별자치도 평창군
2025,강원특별자치도,홍천군,-356.0,강원특별자치도 홍천군
2025,강원특별자치도,화천군,-58.0,강원특별자치도 화천군
2025,강원특별자치도,횡성군,-335.0,강원특별자치도 횡성군
2025,경기도,가평군,-277.0,경기도 가평군
2025,경기도,고양시,-2979.0,경기도 고양시
2025,경기도,과천시,-1366.0,경기도 과천시
2025,경기도,광명시,5009.0,경기도 광명시
2025,경기도,광주시,-234.0,경기도 광주시
2025,경기도,구리시,385.0,경기도 구리시
2025,경기도,군포시,-964.0,경기도 군포시
2025,경기도,김포시,-103.0,경기도 김포시
2025,경기도,남양주시,-1222.0,경기도 남양주시
2025,경기도,동두천시,-408.0,경기도 동두천시
2025,경기도,부천시,-3217.0,경기도 부천시
2025,경기도,성남시,-624.0,경기도 성남시
2025,경기도,수원시,710.0,경기도 수원시
2025,경기도,시흥시,-813.0,경기도 시흥시
2025,경기도,안산시,-3259.0,경기도 안산시
2025,경기도,안성시,660.0,경기도 안성시
2025,경기도,안양시,2944.0,경기도 안양시
2025,경기도,양주시,1893.0,경기도 양주시
2025,경기도,양평군,-454.0,경기도 양평군
2025,경기도,여주시,-502.0,경기도 여주시
2025,경기도,연천군,366.0,경기도 연천군
2025,경기도,오산시,2475.0,경기도 오산시
2025,경기도,용인시,-55.0,경기도 용인시
2025,경기도,의왕시,1560.0,경기도 의왕시
2025,경기도,의정부시,-82.0,경기도 의정부시
2025,경기도,이천시,-214.0,경기도 이천시
2025,경기도,파주시,3110.0,경기도 파주시
2025,경기도,평택시,4559.0,경기도 평택시
2025,경기도,포천시,-448.0,경기도 포천시
2025,경기도,하남시,486.0,경기도 하남시
2025,경기도,화성시,8431.0,경기도 화성시
2025,경상남도,거제시,-1084.0,경상남도 거제시
2025,경상남도,거창군,-374.0,경상남도 거창군
2025,경상남도,고성군,-425.0,경상남도 고성군
2025,경상남도,김해시,-825.0,경상남도 김해시
2025,경상남도,남해군,85.0,경상남도 남해군
2025,경상남도,밀양시,-432.0,경상남도 밀양시
2025,경상남도,사천시,-125.0,경상남도 사천시
2025,경상남도,산청군,-229.0,경상남도 산청군
2025,경상남도,양산시,-112.0,경상남도 양산시
2025,경상남도,의령군,-144.0,경상남도 의령군
2025,경상남도,진주시,-1182.0,경상남도 진주시
2025,경상남도,창녕군,-291.0,경상남도 창녕군
2025,경상남도,창원시,-3279.0,경상남도 창원시
2025,경상남도,통영시,-683.0,경상남도 통영시
2025,경상남도,하동군,-270.0,경상남도 하동군
2025,경상남도,함안군,-541.0,경상남도 함안군
2025,경상남도,함양군,-243.0,경상남도 함양군
2025,경상남도,합천군,-276.0,경상남도 합천군
2025,경상북도,경산시,-1126.0,경상북도 경산시
2025,경상북도,경주시,-430.0,경상북도 경주시
2025,경상북도,고령군,-154.0,경상북도 고령군
2025,경상북도,구미시,-894.0,경상북도 구미시
2025,경상북도,김천시,-828.0,경상북도 김천시
2025,경상북도,문경시,-727.0,경상북도 문경시
2025,경상북도,봉화군,-184.0,경상북도 봉화군
2025,경상북도,상주시,-602.0,경상북도 상주시
2025,경상북도,성주군,-243.0,경상북도 성주군
2025,경상북도,안동시,-299.0,경상북도 안동시
2025,경상북도,영덕군,-183.0,경상북도 영덕군
2025,경상북도,영양군,162.0,경상북도 영양군
2025,경상북도,영주시,-887.0,경상북도 영주시
2025,경상북도,영천시,-1068.0,경상북도 영천시
2025,경상북도,예천군,-111.0,경상북도 예천군
2025,경상북도,울릉군,-75.0,경상북도 울릉군
2025,경상북도,울진군,-56.0,경상북도 울진군
2025,경상북도,의성군,-221.0,경상북도 의성군
2025,경상북도,청도군,-205.0,경상북도 청도군
2025,경상북도,청송군,-49.0,경상북도 청송군
2025,경상북도,칠곡군,-1010.0,경상북도 칠곡군
2025,경상북도,포항시,-1566.0,경상북도 포항시
2025,광주광역시,광산구,-1633.0,광주광역시 광산구
2025,광주광역시,남  구,-825.0,광주광역시 남  구
2025,광주광역시,동  구,-87.0,광주광역시 동  구
2025,광주광역시,북  구,-2839.0,광주광역시 북  구
2025,광주광역시,서  구,-1697.0,광주광역시 서  구
2025,대구광역시,군위군,-22.0,대구광역시 군위군
2025,대구광역시,남  구,-3.0,대구광역시 남  구
2025,대구광역시,달서구,-2325.0,대구광역시 달서구
2025,대구광역시,달성군,-1146.0,대구광역시 달성군
2025,대구광역시,동  구,-71.0,대구광역시 동  구
2025,대구광역시,북  구,-1432.0,대구광역시 북  구
2025,대구광역시,서  구,80.0,대구광역시 서  구
2025,대구광역시,수성구,-2204.0,대구광역시 수성구
2025,대구광역시,중  구,1804.0,대구광역시 중  구
2025,대전광역시,대덕구,-1013.0,대전광역시 대덕구
2025,대전광역시,동  구,639.0,대전광역시 동  구
2025,대전광역시,서  구,1636.0,대전광역시 서  구
2025,대전광역시,유성구,1659.0,대전광역시 유성구
2025,대전광역시,중  구,335.0,대전광역시 중  구
2025,부산광역시,강서구,1872.0,부산광역시 강서구
2025,부산광역시,금정구,-989.0,부산광역시 금정구
2025,부산광역시,기장군,-434.0,부산광역시 기장군
2025,부산광역시,남  구,-1380.0,부산광역시 남  구
2025,부산광역시,동  구,-220.0,부산광역시 동  구
2025,부산광역시,동래구,-587.0,부산광역시 동래구
2025,부산광역시,부산진구,2886.0,부산광역시 부산진구
2025,부산광역시,북  구,-1529.0,부산광역시 북  구
2025,부산광역시,사상구,-1477.0,부산광역시 사상구
2025,부산광역시,사하구,-1873.0,부산광역시 사하구
2025,부산광역시,서  구,-509.0,부산광역시 서  구
2025,부산광역시,수영구,-360.0,부산광역시 수영구
2025,부산광역시,연제구,414.0,부산광역시 연제구
2025,부산광역시,영도구,-219.0,부산광역시 영도구
2025,부산광역시,중  구,-272.0,부산광역시 중  구
2025,부산광역시,해운대구,-1537.0,부산광역시 해운대구
2025,서울특별시,강남구,-1291.0,서울특별시 강남구
2025,서울특별시,강동구,5887.0,서울특별시 강동구
2025,서울특별시,강북구,-769.0,서울특별시 강북구
2025,서울특별시,강서구,1762.0,서울특별시 강서구
2025,서울특별시,관악구,5019.0,서울특별시 관악구
2025,서울특별시,광진구,2052.0,서울특별시 광진구
2025,서울특별시,구로구,1474.0,서울특별시 구로구
2025,서울특별시,금천구,1414.0,서울특별시 금천구
2025,서울특별시,노원구,-1779.0,서울특별시 노원구
2025,서울특별시,도봉구,-803.0,서울특별시 도봉구
2025,서울특별시,동대문구,4233.0,서울특별시 동대문구
2025,서울특별시,동작구,1454.0,서울특별시 동작구
2025,서울특별시,마포구,1365.0,서울특별시 마포구
2025,서울특별시,서대문구,481.0,서울특별시 서대문구
2025,서울특별시,서초구,908.0,서울특별시 서초구
2025,서울특별시,성동구,2658.0,서울특별시 성동구
2025,서울특별시,성북구,1758.0,서울특별시 성북구
2025,서울특별시,송파구,559.0,서울특별시 송파구
2025,서울특별시,양천구,-2557.0,서울특별시 양천구
2025,서울특별시,영등포구,3134.0,서울특별시 영등포구
2025,서울특별시,용산구,1493.0,서울특별시 용산구
2025,서울특별시,은평구,52.0,서울특별시 은평구
2025,서울특별시,종로구,297.0,서울특별시 종로구
2025,서울특별시,중구,218.0,서울특별시 중구
2025,서울특별시,중랑구,1153.0,서울특별시 중랑구
2025,울산광역시,남구,107.0,울산광역시 남구
2025,울산광역시,동구,-438.0,울산광역시 동구
2025,울산광역시,북구,-173.0,울산광역시 북구
2025,울산광역시,울주군,-289.0,울산광역시 울주군
2025,울산광역시,중구,-683.0,울산광역시 중구
2025,인천광역시,강화군,-118.0,인천광역시 강화군
2025,인천광역시,계양구,-958.0,인천광역시 계양구
2025,인천광역시,남  구,0.0,인천광역시 남  구
2025,인천광역시,남동구,-1047.0,인천광역시 남동구
2025,인천광역시,동  구,-443.0,인천광역시 동  구
2025,인천광역시,미추홀구,1828.0,인천광역시 미추홀구
2025,인천광역시,부평구,-6.0,인천광역시 부평구
2025,인천광역시,서구,5115.0,인천광역시 서구
2025,인천광역시,연수구,1207.0,인천광역시 연수구
2025,인천광역시,옹진군,-132.0,인천광역시 옹진군
2025,인천광역시,중  구,3375.0,인천광역시 중  구
2025,전라남도,강진군,-109.0,전라남도 강진군
2025,전라남도,고흥군,-236.0,전라남도 고흥군
2025,전라남도,곡성군,89.0,전라남도 곡성군
2025,전라남도,광양시,-255.0,전라남도 광양시
2025,전라남도,구례군,-78.0,전라남도 구례군
2025,전라남도,나주시,295.0,전라남도 나주시
2025,전라남도,담양군,-219.0,전라남도 담양군
2025,전라남도,목포시,-2326.0,전라남도 목포시
2025,전라남도,무안군,730.0,전라남도 무안군
2025,전라남도,보성군,-69.0,전라남도 보성군
2025,전라남도,순천시,-672.0,전라남도 순천시
2025,전라남도,신안군,630.0,전라남도 신안군
2025,전라남도,여수시,-2131.0,전라남도 여수시
2025,전라남도,영광군,471.0,전라남도 영광군
2025,전라남도,영암군,-529.0,전라남도 영암군
2025,전라남도,완도군,-279.0,전라남도 완도군
2025,전라남도,장성군,267.0,전라남도 장성군
2025,전라남도,장흥군,-102.0,전라남도 장흥군
2025,전라남도,진도군,-203.0,전라남도 진도군
2025,전라남도,함평군,-156.0,전라남도 함평군
2025,전라남도,해남군,-261.0,전라남도 해남군
2025,전라남도,화순군,-255.0,전라남도 화순군
2025,전북특별자치도,고창군,-192.0,전북특별자치도 고창군
2025,전북특별자치도,군산시,-871.0,전북특별자치도 군산시
2025,전북특별자치도,김제시,314.0,전북특별자치도 김제시
2025,전북특별자치도,남원시,-519.0,전북특별자치도 남원시
2025,전북특별자치도,무주군,-73.0,전북특별자치도 무주군
2025,전북특별자치도,부안군,-291.0,전북특별자치도 부안군
2025,전북특별자치도,순창군,83.0,전북특별자치도 순창군
2025,전북특별자치도,완주군,304.0,전북특별자치도 완주군
2025,전북특별자치도,익산시,-766.0,전북특별자치도 익산시
2025,전북특별자치도,임실군,-141.0,전북특별자치도 임실군
2025,전북특별자치도,장수군,70.0,전북특별자치도 장수군
2025,전북특별자치도,전주시,-3821.0,전북특별자치도 전주시
2025,전북특별자치도,정읍시,-371.0,전북특별자치도 정읍시
2025,전북특별자치도,진안군,-26.0,전북특별자치도 진안군
2025,제주특별자치도,서귀포시,-1132.0,제주특별자치도 서귀포시
2025,제주특별자치도,제주시,-1531.0,제주특별자치도 제주시
2025,충청남도,계룡시,-422.0,충청남도 계룡시
2025,충청남도,공주시,-626.0,충청남도 공주시
2025,충청남도,금산군,-332.0,충청남도 금산군
2025,충청남도,논산시,-450.0,충청남도 논산시
2025,충청남도,당진시,212.0,충청남도 당진시
2025,충청남도,보령시,-413.0,충청남도 보령시
2025,충청남도,부여군,-372.0,충청남도 부여군
2025,충청남도,서산시,-733.0,충청남도 서산시
2025,충청남도,서천군,-212.0,충청남도 서천군
2025,충청남도,아산시,1075.0,충청남도 아산시
2025,충청남도,예산군,-56.0,충청남도 예산군
2025,충청남도,천안시,2120.0,충청남도 천안시
2025,충청남도,청양군,-199.0,충청남도 청양군
2025,충청남도,태안군,-258.0,충청남도 태안군
2025,충청남도,홍성군,225.0,충청남도 홍성군
2025,충청북도,괴산군,413.0,충청북도 괴산군
2025,충청북도,단양군,-167.0,충청북도 단양군
2025,충청북도,보은군,-44.0,충청북도 보은군
2025,충청북도,영동군,-137.0,충청북도 영동군
2025,충청북도,옥천군,187.0,충청북도 옥천군
2025,충청북도,음성군,844.0,충청북도 음성군
2025,충청북도,제천시,-565.0,충청북도 제천시
2025,충청북도,증평군,-116.0,충청북도 증평군
2025,충청북도,진천군,-66.0,충청북도 진천군
2025,충청북도,청주시,1537.0,충청북도 청주시
2025,충청북도,충주시,-243.0,충청북도 충주시
